Emoji,Unicode codepoint,Occurrences,Position,Negative Percentage,Neutral Percentage,Positive Percentage,Unicode name,Unicode block
ğŸ˜‚,0x1f602,14622,0.805100583,0.247161811,0.2847079743,0.4681302147,FACE WITH TEARS OF JOY,Emoticons
â¤,0x2764,8050,0.746943086,0.04409937888,0.1657142857,0.7901863354,HEAVY BLACK HEART,Dingbats
â™¥,0x2665,7144,0.753806008,0.0352743561,0.2718365062,0.6928891377,BLACK HEART SUIT,Miscellaneous Symbols
ğŸ˜,0x1f60d,6359,0.765292366,0.05173769461,0.2185878283,0.7296744771,SMILING FACE WITH HEART-SHAPED EYES,Emoticons
ğŸ˜­,0x1f62d,5526,0.803351976,0.4364820847,0.220412595,0.3431053203,LOUDLY CRYING FACE,Emoticons
ğŸ˜˜,0x1f618,3648,0.854480172,0.05290570175,0.1924342105,0.7546600877,FACE THROWING A KISS,Emoticons
ğŸ˜Š,0x1f60a,3186,0.813302436,0.0593220339,0.2366603892,0.7040175769,SMILING FACE WITH SMILING EYES,Emoticons
ğŸ‘Œ,0x1f44c,2925,0.805222883,0.09367521368,0.2488888889,0.6574358974,OK HAND SIGN,Miscellaneous Symbols and Pictographs
ğŸ’•,0x1f495,2400,0.765725889,0.04125,0.2845833333,0.6741666667,TWO HEARTS,Miscellaneous Symbols and Pictographs
ğŸ‘,0x1f44f,2336,0.787130164,0.1040239726,0.2714041096,0.6245719178,CLAPPING HANDS SIGN,Miscellaneous Symbols and Pictographs
ğŸ˜,0x1f601,2189,0.796151187,0.1269986295,0.2960255825,0.576975788,GRINNING FACE WITH SMILING EYES,Emoticons
â˜º,0x263a,2062,0.798633582,0.0620756547,0.2177497575,0.7201745878,WHITE SMILING FACE,Miscellaneous Symbols
â™¡,0x2661,1975,0.763695423,0.05164556962,0.226835443,0.7215189873,WHITE HEART SUIT,Miscellaneous Symbols
ğŸ‘,0x1f44d,1854,0.812125626,0.1148867314,0.2481121899,0.6370010787,THUMBS UP SIGN,Miscellaneous Symbols and Pictographs
ğŸ˜©,0x1f629,1808,0.826213985,0.5912610619,0.185840708,0.2228982301,WEARY FACE,Emoticons
ğŸ™,0x1f64f,1539,0.793847592,0.08057179987,0.4210526316,0.4983755686,PERSON WITH FOLDED HANDS,Emoticons
âœŒ,0x270c,1534,0.790480332,0.1127770535,0.3102998696,0.5769230769,VICTORY HAND,Dingbats
ğŸ˜,0x1f60f,1522,0.764977294,0.111695138,0.444152431,0.444152431,SMIRKING FACE,Emoticons
ğŸ˜‰,0x1f609,1521,0.844832651,0.09927679158,0.3372781065,0.5634451019,WINKING FACE,Emoticons
ğŸ™Œ,0x1f64c,1506,0.790600034,0.1009296149,0.2377158035,0.6613545817,PERSON RAISING BOTH HANDS IN CELEBRATION,Emoticons
ğŸ™ˆ,0x1f648,1456,0.738880937,0.1634615385,0.2403846154,0.5961538462,SEE-NO-EVIL MONKEY,Emoticons
ğŸ’ª,0x1f4aa,1409,0.806704098,0.071682044,0.3009226402,0.6273953158,FLEXED BICEPS,Miscellaneous Symbols and Pictographs
ğŸ˜„,0x1f604,1398,0.794972621,0.1366237482,0.30472103,0.5586552217,SMILING FACE WITH OPEN MOUTH AND SMILING EYES,Emoticons
ğŸ˜’,0x1f612,1385,0.857620553,0.5913357401,0.1920577617,0.2166064982,UNAMUSED FACE,Emoticons
ğŸ’ƒ,0x1f483,1344,0.852764705,0.04389880952,0.1763392857,0.7797619048,DANCER,Miscellaneous Symbols and Pictographs
ğŸ’–,0x1f496,1263,0.762239109,0.04275534442,0.2011084719,0.7561361837,SPARKLING HEART,Miscellaneous Symbols and Pictographs
ğŸ˜ƒ,0x1f603,1206,0.734782211,0.07131011609,0.2993366501,0.6293532338,SMILING FACE WITH OPEN MOUTH,Emoticons
ğŸ˜”,0x1f614,1205,0.86614594,0.4639004149,0.2182572614,0.3178423237,PENSIVE FACE,Emoticons
ğŸ˜±,0x1f631,1130,0.773313178,0.2637168142,0.282300885,0.4539823009,FACE SCREAMING IN FEAR,Emoticons
ğŸ‰,0x1f389,1125,0.743635879,0.03822222222,0.184,0.7777777778,PARTY POPPER,Miscellaneous Symbols and Pictographs
ğŸ˜œ,0x1f61c,1035,0.822246602,0.1111111111,0.3217391304,0.5671497585,FACE WITH STUCK-OUT TONGUE AND WINKING EYE,Emoticons
â˜¯,0x262f,992,0.383524015,0.005040322581,0.9889112903,0.006048387097,YIN YANG,Miscellaneous Symbols
ğŸŒ¸,0x1f338,946,0.570021571,0.03911205074,0.2695560254,0.6913319239,CHERRY BLOSSOM,Miscellaneous Symbols and Pictographs
ğŸ’œ,0x1f49c,939,0.730869962,0.04366347178,0.256656017,0.6996805112,PURPLE HEART,Miscellaneous Symbols and Pictographs
ğŸ’™,0x1f499,912,0.703047577,0.03179824561,0.2039473684,0.764254386,BLUE HEART,Miscellaneous Symbols and Pictographs
âœ¨,0x2728,848,0.560430162,0.05070754717,0.545990566,0.4033018868,SPARKLES,Dingbats
ğŸ˜³,0x1f633,846,0.797185814,0.3274231678,0.3274231678,0.3451536643,FLUSHED FACE,Emoticons
ğŸ’—,0x1f497,836,0.799725947,0.05023923445,0.240430622,0.7093301435,GROWING HEART,Miscellaneous Symbols and Pictographs
â˜…,0x2605,828,0.353316599,0.03019323671,0.6557971014,0.3140096618,BLACK STAR,Miscellaneous Symbols
â˜€,0x2600,786,0.54553079,0.02671755725,0.4796437659,0.4936386768,BLACK SUN WITH RAYS,Miscellaneous Symbols
ğŸ˜¡,0x1f621,756,0.861522028,0.5330687831,0.1071428571,0.3597883598,POUTING FACE,Emoticons
ğŸ˜,0x1f60e,754,0.76564387,0.1047745358,0.2970822281,0.5981432361,SMILING FACE WITH SUNGLASSES,Emoticons
ğŸ˜¢,0x1f622,749,0.813896833,0.3845126836,0.2242990654,0.391188251,CRYING FACE,Emoticons
ğŸ’‹,0x1f48b,734,0.800580592,0.03814713896,0.2302452316,0.7316076294,KISS MARK,Miscellaneous Symbols and Pictographs
ğŸ˜‹,0x1f60b,734,0.76498518,0.04495912807,0.2765667575,0.6784741144,FACE SAVOURING DELICIOUS FOOD,Emoticons
ğŸ™Š,0x1f64a,725,0.740523086,0.1337931034,0.2717241379,0.5944827586,SPEAK-NO-EVIL MONKEY,Emoticons
ğŸ˜´,0x1f634,718,0.849922938,0.422005571,0.2367688022,0.3412256267,SLEEPING FACE,Emoticons
ğŸ¶,0x1f3b6,701,0.797255889,0.09557774608,0.2696148359,0.634807418,MULTIPLE MUSICAL NOTES,Miscellaneous Symbols and Pictographs
ğŸ’,0x1f49e,687,0.828705997,0.03930131004,0.1790393013,0.7816593886,REVOLVING HEARTS,Miscellaneous Symbols and Pictographs
ğŸ˜Œ,0x1f60c,665,0.847121229,0.1398496241,0.2360902256,0.6240601504,RELIEVED FACE,Emoticons
ğŸ”¥,0x1f525,651,0.61555041,0.1228878648,0.6144393241,0.2626728111,FIRE,Miscellaneous Symbols and Pictographs
ğŸ’¯,0x1f4af,637,0.871819418,0.2810047096,0.31711146,0.4018838305,HUNDRED POINTS SYMBOL,Miscellaneous Symbols and Pictographs
ğŸ”«,0x1f52b,604,0.893761284,0.4933774834,0.2086092715,0.298013245,PISTOL,Miscellaneous Symbols and Pictographs
ğŸ’›,0x1f49b,602,0.751631631,0.0415282392,0.2043189369,0.7541528239,YELLOW HEART,Miscellaneous Symbols and Pictographs
ğŸ’,0x1f481,549,0.839628793,0.1912568306,0.2896174863,0.5191256831,INFORMATION DESK PERSON,Miscellaneous Symbols and Pictographs
ğŸ’š,0x1f49a,537,0.737498972,0.07635009311,0.1880819367,0.7355679702,GREEN HEART,Miscellaneous Symbols and Pictographs
â™«,0x266b,533,0.396607039,0.06191369606,0.5872420263,0.3508442777,BEAMED EIGHTH NOTES,Miscellaneous Symbols
ğŸ˜,0x1f61e,532,0.825187832,0.4793233083,0.1597744361,0.3609022556,DISAPPOINTED FACE,Emoticons
ğŸ˜†,0x1f606,527,0.809376422,0.1537001898,0.2808349146,0.5654648956,SMILING FACE WITH OPEN MOUTH AND TIGHTLY-CLOSED EYES,Emoticons
ğŸ˜,0x1f61d,496,0.808808972,0.1310483871,0.3125,0.5564516129,FACE WITH STUCK-OUT TONGUE AND TIGHTLY-CLOSED EYES,Emoticons
ğŸ˜ª,0x1f62a,482,0.858219873,0.4315352697,0.2178423237,0.3506224066,SLEEPY FACE,Emoticons
ğŸ˜«,0x1f62b,467,0.839517641,0.4860813704,0.1734475375,0.3404710921,TIRED FACE,Emoticons
ğŸ˜…,0x1f605,462,0.827654572,0.2922077922,0.2359307359,0.4718614719,SMILING FACE WITH OPEN MOUTH AND COLD SWEAT,Emoticons
ğŸ‘Š,0x1f44a,458,0.824515864,0.2641921397,0.2423580786,0.4934497817,FISTED HAND SIGN,Miscellaneous Symbols and Pictographs
ğŸ’€,0x1f480,456,0.739462262,0.4692982456,0.2697368421,0.2609649123,SKULL,Miscellaneous Symbols and Pictographs
ğŸ˜€,0x1f600,439,0.786284933,0.08428246014,0.2596810934,0.6560364465,GRINNING FACE,Emoticons
ğŸ˜š,0x1f61a,424,0.853414944,0.04716981132,0.1910377358,0.7617924528,KISSING FACE WITH CLOSED EYES,Emoticons
ğŸ˜»,0x1f63b,417,0.729665769,0.06714628297,0.242206235,0.690647482,SMILING CAT FACE WITH HEART-SHAPED EYES,Emoticons
ğŸ‘€,0x1f440,410,0.759422009,0.2268292683,0.4829268293,0.2902439024,EYES,Miscellaneous Symbols and Pictographs
ğŸ’˜,0x1f498,395,0.785036942,0.04556962025,0.2202531646,0.7341772152,HEART WITH ARROW,Miscellaneous Symbols and Pictographs
ğŸ“,0x1f413,384,0.490808466,0.1067708333,0.7578125,0.1354166667,ROOSTER,Miscellaneous Symbols and Pictographs
â˜•,0x2615,382,0.685215074,0.1387434555,0.4764397906,0.3848167539,HOT BEVERAGE,Miscellaneous Symbols
ğŸ‘‹,0x1f44b,382,0.797944108,0.1570680628,0.2696335079,0.5732984293,WAVING HAND SIGN,Miscellaneous Symbols and Pictographs
âœ‹,0x270b,378,0.838291817,0.328042328,0.2169312169,0.455026455,RAISED HAND,Dingbats
ğŸŠ,0x1f38a,363,0.72362175,0.05509641873,0.1625344353,0.782369146,CONFETTI BALL,Miscellaneous Symbols and Pictographs
ğŸ•,0x1f355,352,0.544580757,0.05397727273,0.4715909091,0.4744318182,SLICE OF PIZZA,Miscellaneous Symbols and Pictographs
â„,0x2744,349,0.760181984,0.09742120344,0.2951289398,0.6074498567,SNOWFLAKE,Dingbats
ğŸ˜¥,0x1f625,341,0.881976694,0.3167155425,0.2434017595,0.4398826979,DISAPPOINTED BUT RELIEVED FACE,Emoticons
ğŸ˜•,0x1f615,340,0.856711865,0.6029411765,0.1941176471,0.2029411765,CONFUSED FACE,Emoticons
ğŸ’¥,0x1f4a5,329,0.587206232,0.06990881459,0.7112462006,0.2188449848,COLLISION SYMBOL,Miscellaneous Symbols and Pictographs
ğŸ’”,0x1f494,328,0.835831574,0.4146341463,0.2926829268,0.2926829268,BROKEN HEART,Miscellaneous Symbols and Pictographs
ğŸ˜¤,0x1f624,327,0.884007985,0.4801223242,0.250764526,0.2691131498,FACE WITH LOOK OF TRIUMPH,Emoticons
ğŸ˜ˆ,0x1f608,325,0.762497655,0.2030769231,0.3261538462,0.4707692308,SMILING FACE WITH HORNS,Emoticons
âœˆ,0x2708,322,0.521940266,0.04037267081,0.5,0.4596273292,AIRPLANE,Dingbats
ğŸ”,0x1f51d,303,0.798433666,0.08580858086,0.3498349835,0.5643564356,TOP WITH UPWARDS ARROW ABOVE,Miscellaneous Symbols and Pictographs
ğŸ˜°,0x1f630,302,0.919654285,0.4370860927,0.1456953642,0.417218543,FACE WITH OPEN MOUTH AND COLD SWEAT,Emoticons
âš½,0x26bd,299,0.193496177,0.05016722408,0.2775919732,0.6722408027,SOCCER BALL,Miscellaneous Symbols
ğŸ˜‘,0x1f611,299,0.844272967,0.5150501672,0.2842809365,0.2006688963,EXPRESSIONLESS FACE,Emoticons
ğŸ‘‘,0x1f451,298,0.698804832,0.04026845638,0.2181208054,0.7416107383,CROWN,Miscellaneous Symbols and Pictographs
ğŸ˜¹,0x1f639,295,0.8074145,0.2983050847,0.2610169492,0.4406779661,CAT FACE WITH TEARS OF JOY,Emoticons
ğŸ‘‰,0x1f449,292,0.559175629,0.06849315068,0.4691780822,0.4623287671,WHITE RIGHT POINTING BACKHAND INDEX,Miscellaneous Symbols and Pictographs
ğŸƒ,0x1f343,291,0.572324349,0.09965635739,0.4192439863,0.4810996564,LEAF FLUTTERING IN WIND,Miscellaneous Symbols and Pictographs
ğŸ,0x1f381,288,0.709181399,0.03819444444,0.15625,0.8055555556,WRAPPED PRESENT,Miscellaneous Symbols and Pictographs
ğŸ˜ ,0x1f620,288,0.849218089,0.5659722222,0.1701388889,0.2638888889,ANGRY FACE,Emoticons
ğŸ§,0x1f427,284,0.540408727,0.03873239437,0.4612676056,0.5,PENGUIN,Miscellaneous Symbols and Pictographs
â˜†,0x2606,282,0.563398192,0.02836879433,0.5106382979,0.4609929078,WHITE STAR,Miscellaneous Symbols
ğŸ€,0x1f340,278,0.768496291,0.02158273381,0.6690647482,0.309352518,FOUR LEAF CLOVER,Miscellaneous Symbols and Pictographs
ğŸˆ,0x1f388,277,0.718504213,0.01444043321,0.2454873646,0.7400722022,BALLOON,Miscellaneous Symbols and Pictographs
ğŸ…,0x1f385,274,0.800786662,0.02554744526,0.6277372263,0.3467153285,FATHER CHRISTMAS,Miscellaneous Symbols and Pictographs
ğŸ˜“,0x1f613,273,0.844887359,0.4322344322,0.2161172161,0.3516483516,FACE WITH COLD SWEAT,Emoticons
ğŸ˜£,0x1f623,271,0.903307721,0.5424354244,0.1291512915,0.3284132841,PERSEVERING FACE,Emoticons
ğŸ˜,0x1f610,270,0.882732825,0.5555555556,0.2814814815,0.162962963,NEUTRAL FACE,Emoticons
âœŠ,0x270a,270,0.858608998,0.137037037,0.2925925926,0.5703703704,RAISED FIST,Dingbats
ğŸ˜¨,0x1f628,269,0.813687927,0.4349442379,0.2713754647,0.2936802974,FEARFUL FACE,Emoticons
ğŸ˜–,0x1f616,268,0.868926665,0.4850746269,0.1865671642,0.328358209,CONFOUNDED FACE,Emoticons
ğŸ’¤,0x1f4a4,267,0.800461854,0.1423220974,0.34082397,0.5168539326,SLEEPING SYMBOL,Miscellaneous Symbols and Pictographs
ğŸ’“,0x1f493,259,0.783045488,0.05791505792,0.2123552124,0.7297297297,BEATING HEART,Miscellaneous Symbols and Pictographs
ğŸ‘,0x1f44e,258,0.914491346,0.496124031,0.1976744186,0.3062015504,THUMBS DOWN SIGN,Miscellaneous Symbols and Pictographs
ğŸ’¦,0x1f4a6,252,0.779043752,0.1388888889,0.246031746,0.6150793651,SPLASHING SWEAT SYMBOL,Miscellaneous Symbols and Pictographs
âœ”,0x2714,249,0.565237075,0.124497992,0.4779116466,0.3975903614,HEAVY CHECK MARK,Dingbats
ğŸ˜·,0x1f637,246,0.840376534,0.4756097561,0.2195121951,0.3048780488,FACE WITH MEDICAL MASK,Emoticons
âš¡,0x26a1,246,0.778780762,0.0406504065,0.7398373984,0.2195121951,HIGH VOLTAGE SIGN,Miscellaneous Symbols
ğŸ™‹,0x1f64b,236,0.732500422,0.1271186441,0.2542372881,0.6186440678,HAPPY PERSON RAISING ONE HAND,Emoticons
ğŸ„,0x1f384,236,0.632526433,0.06355932203,0.3347457627,0.6016949153,CHRISTMAS TREE,Miscellaneous Symbols and Pictographs
ğŸ’©,0x1f4a9,229,0.839720048,0.4104803493,0.2969432314,0.2925764192,PILE OF POO,Miscellaneous Symbols and Pictographs
ğŸµ,0x1f3b5,223,0.71526961,0.1031390135,0.2869955157,0.6098654709,MUSICAL NOTE,Miscellaneous Symbols and Pictographs
â¡,0x27a1,222,0.478330444,0.009009009009,0.8333333333,0.1576576577,BLACK RIGHTWARDS ARROW,Dingbats
ğŸ˜›,0x1f61b,220,0.734419263,0.08181818182,0.2272727273,0.6909090909,FACE WITH STUCK-OUT TONGUE,Emoticons
ğŸ˜¬,0x1f62c,214,0.793679841,0.2663551402,0.2710280374,0.4626168224,GRIMACING FACE,Emoticons
ğŸ‘¯,0x1f46f,211,0.742043843,0.1137440758,0.327014218,0.5592417062,WOMAN WITH BUNNY EARS,Miscellaneous Symbols and Pictographs
ğŸ’,0x1f48e,209,0.694054736,0.05263157895,0.3253588517,0.6220095694,GEM STONE,Miscellaneous Symbols and Pictographs
ğŸŒ¿,0x1f33f,208,0.600120585,0.004807692308,0.6009615385,0.3942307692,HERB,Miscellaneous Symbols and Pictographs
ğŸ‚,0x1f382,201,0.747999917,0.07960199005,0.2189054726,0.7014925373,BIRTHDAY CAKE,Miscellaneous Symbols and Pictographs
ğŸŒŸ,0x1f31f,199,0.654510913,0.05527638191,0.5577889447,0.3869346734,GLOWING STAR,Miscellaneous Symbols and Pictographs
ğŸ”®,0x1f52e,199,0.333161733,0.03015075377,0.6683417085,0.3015075377,CRYSTAL BALL,Miscellaneous Symbols and Pictographs
â—,0x2757,198,0.620120854,0.1565656566,0.5858585859,0.2575757576,HEAVY EXCLAMATION MARK SYMBOL,Dingbats
ğŸ‘«,0x1f46b,197,0.664270589,0.2182741117,0.3045685279,0.4771573604,MAN AND WOMAN HOLDING HANDS,Miscellaneous Symbols and Pictographs
ğŸ†,0x1f3c6,194,0.705937446,0.03092783505,0.2010309278,0.7680412371,TROPHY,Miscellaneous Symbols and Pictographs
âœ–,0x2716,193,0.514517152,0.0414507772,0.6010362694,0.3575129534,HEAVY MULTIPLICATION X,Dingbats
â˜,0x261d,191,0.7597726,0.1413612565,0.4031413613,0.4554973822,WHITE UP POINTING INDEX,Miscellaneous Symbols
ğŸ˜™,0x1f619,191,0.875675106,0.01570680628,0.1780104712,0.8062827225,KISSING FACE WITH SMILING EYES,Emoticons
â›„,0x26c4,191,0.738724736,0.07329842932,0.3246073298,0.6020942408,SNOWMAN WITHOUT SNOW,Miscellaneous Symbols
ğŸ‘…,0x1f445,190,0.738179133,0.1210526316,0.2894736842,0.5894736842,TONGUE,Miscellaneous Symbols and Pictographs
â™ª,0x266a,190,0.696314423,0.07894736842,0.3,0.6210526316,EIGHTH NOTE,Miscellaneous Symbols
ğŸ‚,0x1f342,189,0.634540658,0.03174603175,0.380952381,0.5873015873,FALLEN LEAF,Miscellaneous Symbols and Pictographs
ğŸ’,0x1f48f,185,0.72895246,0.1783783784,0.2486486486,0.572972973,KISS,Miscellaneous Symbols and Pictographs
ğŸ”ª,0x1f52a,183,0.764046479,0.2076502732,0.5136612022,0.2786885246,HOCHO,Miscellaneous Symbols and Pictographs
ğŸŒ´,0x1f334,178,0.675890052,0.07303370787,0.3202247191,0.606741573,PALM TREE,Miscellaneous Symbols and Pictographs
ğŸ‘ˆ,0x1f448,174,0.701409121,0.08045977011,0.408045977,0.5114942529,WHITE LEFT POINTING BACKHAND INDEX,Miscellaneous Symbols and Pictographs
ğŸŒ¹,0x1f339,172,0.664431116,0.01744186047,0.3546511628,0.6279069767,ROSE,Miscellaneous Symbols and Pictographs
ğŸ™†,0x1f646,171,0.839916616,0.08771929825,0.3157894737,0.5964912281,FACE WITH OK GESTURE,Emoticons
âœ,0x279c,170,0.558506642,0.04705882353,0.7411764706,0.2117647059,HEAVY ROUND-TIPPED RIGHTWARDS ARROW,Dingbats
ğŸ‘»,0x1f47b,168,0.740824428,0.1666666667,0.4345238095,0.3988095238,GHOST,Miscellaneous Symbols and Pictographs
ğŸ’°,0x1f4b0,168,0.827466509,0.1547619048,0.4345238095,0.4107142857,MONEY BAG,Miscellaneous Symbols and Pictographs
ğŸ»,0x1f37b,165,0.745306588,0.103030303,0.2727272727,0.6242424242,CLINKING BEER MUGS,Miscellaneous Symbols and Pictographs
ğŸ™…,0x1f645,165,0.838871886,0.4606060606,0.2848484848,0.2545454545,FACE WITH NO GOOD GESTURE,Emoticons
ğŸŒ,0x1f31e,162,0.709366196,0.01851851852,0.3950617284,0.5864197531,SUN WITH FACE,Miscellaneous Symbols and Pictographs
ğŸ,0x1f341,161,0.62398169,0.03105590062,0.4472049689,0.5217391304,MAPLE LEAF,Miscellaneous Symbols and Pictographs
ğŸ€,0x1f380,156,0.651799025,0.03846153846,0.2820512821,0.6794871795,RIBBON,Miscellaneous Symbols and Pictographs
â˜·,0x2637,154,0.012407833,0.01298701299,0.9090909091,0.07792207792,TRIGRAM FOR EARTH,Miscellaneous Symbols
ğŸ·,0x1f437,152,0.6026825,0.07236842105,0.4802631579,0.4473684211,PIG FACE,Miscellaneous Symbols and Pictographs
ğŸ™‰,0x1f649,150,0.757694988,0.1733333333,0.3133333333,0.5133333333,HEAR-NO-EVIL MONKEY,Emoticons
ğŸŒº,0x1f33a,150,0.629472896,0.01333333333,0.4133333333,0.5733333333,HIBISCUS,Miscellaneous Symbols and Pictographs
ğŸ’…,0x1f485,149,0.755747604,0.1812080537,0.2416107383,0.5771812081,NAIL POLISH,Miscellaneous Symbols and Pictographs
ğŸ¶,0x1f436,148,0.654155755,0.08108108108,0.25,0.6689189189,DOG FACE,Miscellaneous Symbols and Pictographs
ğŸŒš,0x1f31a,148,0.759894657,0.1554054054,0.2162162162,0.6283783784,NEW MOON WITH FACE,Miscellaneous Symbols and Pictographs
ğŸ‘½,0x1f47d,146,0.612456875,0.08904109589,0.5,0.4109589041,EXTRATERRESTRIAL ALIEN,Miscellaneous Symbols and Pictographs
ğŸ¤,0x1f3a4,144,0.67089174,0.1180555556,0.2777777778,0.6041666667,MICROPHONE,Miscellaneous Symbols and Pictographs
ğŸ‘­,0x1f46d,144,0.667223526,0.1388888889,0.25,0.6111111111,TWO WOMEN HOLDING HANDS,Miscellaneous Symbols and Pictographs
ğŸ§,0x1f3a7,142,0.842970526,0.1267605634,0.323943662,0.5492957746,HEADPHONE,Miscellaneous Symbols and Pictographs
ğŸ‘†,0x1f446,138,0.78746414,0.115942029,0.4347826087,0.4492753623,WHITE UP POINTING BACKHAND INDEX,Miscellaneous Symbols and Pictographs
ğŸ¸,0x1f378,138,0.662604118,0.08695652174,0.2753623188,0.6376811594,COCKTAIL GLASS,Miscellaneous Symbols and Pictographs
ğŸ·,0x1f377,137,0.603671624,0.05109489051,0.496350365,0.4525547445,WINE GLASS,Miscellaneous Symbols and Pictographs
ğŸ‰,0x1f349,136,0.647778999,0.07352941176,0.2426470588,0.6838235294,WATERMELON,Miscellaneous Symbols and Pictographs
ğŸ˜‡,0x1f607,135,0.781831331,0.06666666667,0.2666666667,0.6666666667,SMILING FACE WITH HALO,Emoticons
â˜‘,0x2611,135,0.690061863,0.01481481481,0.8666666667,0.1185185185,BALLOT BOX WITH CHECK,Miscellaneous Symbols
ğŸƒ,0x1f3c3,135,0.735256148,0.08888888889,0.4074074074,0.5037037037,RUNNER,Miscellaneous Symbols and Pictographs
ğŸ˜¿,0x1f63f,134,0.811560707,0.5820895522,0.2164179104,0.2014925373,CRYING CAT FACE,Emoticons
ğŸ’£,0x1f4a3,131,0.846726927,0.3053435115,0.3816793893,0.3129770992,BOMB,Miscellaneous Symbols and Pictographs
ğŸº,0x1f37a,131,0.68156608,0.06106870229,0.3740458015,0.5648854962,BEER MUG,Miscellaneous Symbols and Pictographs
ğŸ˜²,0x1f632,129,0.853619885,0.3875968992,0.2945736434,0.3178294574,ASTONISHED FACE,Emoticons
ğŸ¸,0x1f3b8,125,0.605443071,0.008,0.456,0.536,GUITAR,Miscellaneous Symbols and Pictographs
ğŸ¹,0x1f379,123,0.764164553,0.0406504065,0.243902439,0.7154471545,TROPICAL DRINK,Miscellaneous Symbols and Pictographs
ğŸ’«,0x1f4ab,121,0.614437663,0.03305785124,0.4214876033,0.5454545455,DIZZY SYMBOL,Miscellaneous Symbols and Pictographs
ğŸ“š,0x1f4da,119,0.69163189,0.1848739496,0.2857142857,0.5294117647,BOOKS,Miscellaneous Symbols and Pictographs
ğŸ˜¶,0x1f636,117,0.868667638,0.4273504274,0.2905982906,0.2820512821,FACE WITHOUT MOUTH,Emoticons
ğŸŒ·,0x1f337,116,0.623397976,0,0.4482758621,0.5517241379,TULIP,Miscellaneous Symbols and Pictographs
ğŸ’,0x1f49d,115,0.774410045,0.06956521739,0.2,0.7304347826,HEART WITH RIBBON,Miscellaneous Symbols and Pictographs
ğŸ’¨,0x1f4a8,115,0.711396809,0.1043478261,0.4,0.4956521739,DASH SYMBOL,Miscellaneous Symbols and Pictographs
ğŸˆ,0x1f3c8,114,0.823010837,0.06140350877,0.3333333333,0.6052631579,AMERICAN FOOTBALL,Miscellaneous Symbols and Pictographs
ğŸ’,0x1f48d,112,0.807520998,0.1428571429,0.2232142857,0.6339285714,RING,Miscellaneous Symbols and Pictographs
â˜”,0x2614,111,0.687353164,0.1891891892,0.3243243243,0.4864864865,UMBRELLA WITH RAIN DROPS,Miscellaneous Symbols
ğŸ‘¸,0x1f478,111,0.654472403,0.05405405405,0.2702702703,0.6756756757,PRINCESS,Miscellaneous Symbols and Pictographs
ğŸ©,0x1f369,107,0.708816106,0.1401869159,0.3271028037,0.5327102804,DOUGHNUT,Miscellaneous Symbols and Pictographs
ğŸ‘¾,0x1f47e,105,0.55188131,0.009523809524,0.6095238095,0.380952381,ALIEN MONSTER,Miscellaneous Symbols and Pictographs
â˜,0x2601,104,0.595923185,0.1346153846,0.4134615385,0.4519230769,CLOUD,Miscellaneous Symbols
ğŸŒ»,0x1f33b,104,0.607167343,0.009615384615,0.3942307692,0.5961538462,SUNFLOWER,Miscellaneous Symbols and Pictographs
ğŸ˜µ,0x1f635,103,0.808813841,0.3203883495,0.2718446602,0.4077669903,DIZZY FACE,Emoticons
ğŸ“’,0x1f4d2,102,0.473944671,0,0.9607843137,0.03921568627,LEDGER,Miscellaneous Symbols and Pictographs
ğŸ¯,0x1f42f,100,0.549561832,0.04,0.43,0.53,TIGER FACE,Miscellaneous Symbols and Pictographs
ğŸ‘¼,0x1f47c,99,0.683210618,0.1717171717,0.3131313131,0.5151515152,BABY ANGEL,Miscellaneous Symbols and Pictographs
ğŸ”,0x1f354,98,0.636878313,0.1632653061,0.387755102,0.4489795918,HAMBURGER,Miscellaneous Symbols and Pictographs
ğŸ˜¸,0x1f638,97,0.782035657,0.1134020619,0.3505154639,0.5360824742,GRINNING CAT FACE WITH SMILING EYES,Emoticons
ğŸ‘¶,0x1f476,96,0.745048578,0.1354166667,0.28125,0.5833333333,BABY,Miscellaneous Symbols and Pictographs
ğŸ’,0x1f490,95,0.727586517,0.03157894737,0.1789473684,0.7894736842,BOUQUET,Miscellaneous Symbols and Pictographs
ğŸŒŠ,0x1f30a,95,0.779832163,0.08421052632,0.3157894737,0.6,WATER WAVE,Miscellaneous Symbols and Pictographs
ğŸ¦,0x1f366,95,0.630275908,0.1368421053,0.2526315789,0.6105263158,SOFT ICE CREAM,Miscellaneous Symbols and Pictographs
ğŸ“,0x1f353,94,0.689469367,0.03191489362,0.2446808511,0.7234042553,STRAWBERRY,Miscellaneous Symbols and Pictographs
ğŸ‘‡,0x1f447,94,0.557020638,0.1382978723,0.4680851064,0.3936170213,WHITE DOWN POINTING BACKHAND INDEX,Miscellaneous Symbols and Pictographs
ğŸ’†,0x1f486,92,0.814023638,0.2608695652,0.25,0.4891304348,FACE MASSAGE,Miscellaneous Symbols and Pictographs
ğŸ´,0x1f374,92,0.580197926,0.04347826087,0.3586956522,0.597826087,FORK AND KNIFE,Miscellaneous Symbols and Pictographs
ğŸ˜§,0x1f627,92,0.774990088,0.3913043478,0.2826086957,0.3260869565,ANGUISHED FACE,Emoticons
ğŸ˜®,0x1f62e,90,0.774237435,0.1777777778,0.3666666667,0.4555555556,FACE WITH OPEN MOUTH,Emoticons
ğŸ˜½,0x1f63d,88,0.754242708,0.125,0.1590909091,0.7159090909,KISSING CAT FACE WITH CLOSED EYES,Emoticons
ğŸŒˆ,0x1f308,88,0.671884074,0.05681818182,0.3522727273,0.5909090909,RAINBOW,Miscellaneous Symbols and Pictographs
ğŸ™€,0x1f640,88,0.790729154,0.1590909091,0.3409090909,0.5,WEARY CAT FACE,Emoticons
âš ,0x26a0,88,0.489084942,0.1818181818,0.7045454545,0.1136363636,WARNING SIGN,Miscellaneous Symbols
ğŸ®,0x1f3ae,86,0.467430446,0.09302325581,0.3720930233,0.5348837209,VIDEO GAME,Miscellaneous Symbols and Pictographs
ğŸ†,0x1f346,84,0.7185031,0.07142857143,0.4404761905,0.4880952381,AUBERGINE,Miscellaneous Symbols and Pictographs
ğŸ°,0x1f370,84,0.78250627,0.1547619048,0.2261904762,0.619047619,SHORTCAKE,Miscellaneous Symbols and Pictographs
âœ“,0x2713,84,0.627535601,0.1071428571,0.4880952381,0.4047619048,CHECK MARK,Dingbats
ğŸ‘,0x1f450,83,0.875981032,0.3975903614,0.2289156627,0.3734939759,OPEN HANDS SIGN,Miscellaneous Symbols and Pictographs
ğŸ™‡,0x1f647,83,0.794293941,0.2891566265,0.2771084337,0.4337349398,PERSON BOWING DEEPLY,Emoticons
ğŸŸ,0x1f35f,83,0.650433666,0.1686746988,0.3493975904,0.4819277108,FRENCH FRIES,Miscellaneous Symbols and Pictographs
ğŸŒ,0x1f34c,82,0.540634157,0.1219512195,0.3048780488,0.5731707317,BANANA,Miscellaneous Symbols and Pictographs
ğŸ’‘,0x1f491,82,0.682682631,0.06097560976,0.1951219512,0.743902439,COUPLE WITH HEART,Miscellaneous Symbols and Pictographs
ğŸ‘¬,0x1f46c,82,0.622239773,0.3536585366,0.3536585366,0.2926829268,TWO MEN HOLDING HANDS,Miscellaneous Symbols and Pictographs
ğŸ£,0x1f423,81,0.775650511,0.1481481481,0.2098765432,0.6419753086,HATCHING CHICK,Miscellaneous Symbols and Pictographs
ğŸƒ,0x1f383,81,0.723541282,0.07407407407,0.2345679012,0.6913580247,JACK-O-LANTERN,Miscellaneous Symbols and Pictographs
ğŸ˜Ÿ,0x1f61f,80,0.824309355,0.35,0.225,0.425,WORRIED FACE,Emoticons
ğŸ¾,0x1f43e,78,0.738983384,0.1025641026,0.1666666667,0.7307692308,PAW PRINTS,Miscellaneous Symbols and Pictographs
ğŸ“,0x1f393,77,0.647134355,0.09090909091,0.2337662338,0.6753246753,GRADUATION CAP,Miscellaneous Symbols and Pictographs
ğŸŠ,0x1f3ca,77,0.65309632,0.02597402597,0.3506493506,0.6233766234,SWIMMER,Miscellaneous Symbols and Pictographs
ğŸ«,0x1f36b,76,0.792701023,0.2894736842,0.2631578947,0.4473684211,CHOCOLATE BAR,Miscellaneous Symbols and Pictographs
ğŸ“·,0x1f4f7,76,0.489732992,0.09210526316,0.3684210526,0.5394736842,CAMERA,Miscellaneous Symbols and Pictographs
ğŸ‘„,0x1f444,75,0.591674278,0.06666666667,0.3733333333,0.56,MOUTH,Miscellaneous Symbols and Pictographs
ğŸŒ¼,0x1f33c,74,0.603679109,0.01351351351,0.1621621622,0.8243243243,BLOSSOM,Miscellaneous Symbols and Pictographs
ğŸ±,0x1f431,73,0.544447706,0.1369863014,0.1917808219,0.6712328767,CAT FACE,Miscellaneous Symbols and Pictographs
ğŸ¸,0x1f438,72,0.845772164,0.3333333333,0.4166666667,0.25,FROG FACE,Miscellaneous Symbols and Pictographs
ğŸ‘¿,0x1f47f,70,0.910730779,0.6714285714,0.2142857143,0.1142857143,IMP,Miscellaneous Symbols and Pictographs
âœ¿,0x273f,70,0.49871007,0.02857142857,0.5428571429,0.4285714286,BLACK FLORETTE,Dingbats
ğŸ“–,0x1f4d6,68,0.709941199,0.2647058824,0.2941176471,0.4411764706,OPEN BOOK,Miscellaneous Symbols and Pictographs
ğŸ’,0x1f412,68,0.639847887,0.01470588235,0.4264705882,0.5588235294,MONKEY,Miscellaneous Symbols and Pictographs
ğŸŒ,0x1f30d,68,0.623864265,0.07352941176,0.2352941176,0.6911764706,EARTH GLOBE EUROPE-AFRICA,Miscellaneous Symbols and Pictographs
ğŸ¥,0x1f425,67,0.779887133,0.05970149254,0.2686567164,0.671641791,FRONT-FACING BABY CHICK,Miscellaneous Symbols and Pictographs
ğŸŒ€,0x1f300,66,0.553405789,0.1515151515,0.5909090909,0.2575757576,CYCLONE,Miscellaneous Symbols and Pictographs
ğŸ¼,0x1f43c,66,0.614422004,0.06060606061,0.6060606061,0.3333333333,PANDA FACE,Miscellaneous Symbols and Pictographs
ğŸ¥,0x1f3a5,66,0.675875827,0.1212121212,0.4545454545,0.4242424242,MOVIE CAMERA,Miscellaneous Symbols and Pictographs
ğŸ’„,0x1f484,66,0.636585295,0.09090909091,0.3636363636,0.5454545455,LIPSTICK,Miscellaneous Symbols and Pictographs
ğŸ’¸,0x1f4b8,66,0.790337996,0.2424242424,0.3484848485,0.4090909091,MONEY WITH WINGS,Miscellaneous Symbols and Pictographs
â›”,0x26d4,65,0.405987251,0.07692307692,0.3384615385,0.5846153846,NO ENTRY,Miscellaneous Symbols
ğŸ€,0x1f3c0,64,0.807196812,0.203125,0.328125,0.46875,BASKETBALL AND HOOP,Miscellaneous Symbols and Pictographs
ğŸ’‰,0x1f489,64,0.749555976,0.171875,0.28125,0.546875,SYRINGE,Miscellaneous Symbols and Pictographs
ğŸ’Ÿ,0x1f49f,63,0.787621444,0.04761904762,0.1904761905,0.7619047619,HEART DECORATION,Miscellaneous Symbols and Pictographs
ğŸ˜¯,0x1f62f,62,0.859007902,0.2580645161,0.3548387097,0.3870967742,HUSHED FACE,Emoticons
ğŸ“,0x1f4dd,62,0.794711655,0.1290322581,0.5,0.3709677419,MEMO,Miscellaneous Symbols and Pictographs
â™¦,0x2666,61,0.562227083,0.09836065574,0.3278688525,0.5737704918,BLACK DIAMOND SUIT,Miscellaneous Symbols
ğŸ’­,0x1f4ad,60,0.687954711,0.1666666667,0.45,0.3833333333,THOUGHT BALLOON,Miscellaneous Symbols and Pictographs
ğŸŒ™,0x1f319,58,0.669389528,0.05172413793,0.275862069,0.6724137931,CRESCENT MOON,Miscellaneous Symbols and Pictographs
ğŸŸ,0x1f41f,58,0.676573608,0.03448275862,0.2068965517,0.7586206897,FISH,Miscellaneous Symbols and Pictographs
ğŸ‘£,0x1f463,58,0.638779151,0.1034482759,0.4310344828,0.4655172414,FOOTPRINTS,Miscellaneous Symbols and Pictographs
â˜,0x261e,58,0.725402078,0,0.8793103448,0.1206896552,WHITE RIGHT POINTING INDEX,Miscellaneous Symbols
âœ‚,0x2702,58,0.810271779,0.5862068966,0.3103448276,0.1034482759,BLACK SCISSORS,Dingbats
ğŸ—¿,0x1f5ff,58,0.941936907,0.08620689655,0.3620689655,0.5517241379,MOYAI,Miscellaneous Symbols and Pictographs
ğŸ,0x1f35d,57,0.56442207,0.2807017544,0.3157894737,0.4035087719,SPAGHETTI,Miscellaneous Symbols and Pictographs
ğŸ‘ª,0x1f46a,57,0.653303852,0.4210526316,0.1754385965,0.4035087719,FAMILY,Miscellaneous Symbols and Pictographs
ğŸ­,0x1f36d,57,0.632538929,0.1578947368,0.3684210526,0.4736842105,LOLLIPOP,Miscellaneous Symbols and Pictographs
ğŸŒƒ,0x1f303,56,0.747623603,0.05357142857,0.4821428571,0.4642857143,NIGHT WITH STARS,Miscellaneous Symbols and Pictographs
âŒ,0x274c,56,0.612998,0.25,0.2142857143,0.5357142857,CROSS MARK,Dingbats
ğŸ°,0x1f430,55,0.707516692,0.07272727273,0.2363636364,0.6909090909,RABBIT FACE,Miscellaneous Symbols and Pictographs
ğŸ’Š,0x1f48a,55,0.675071279,0.1454545455,0.2545454545,0.6,PILL,Miscellaneous Symbols and Pictographs
ğŸ˜¦,0x1f626,54,0.882218595,0.5555555556,0.2777777778,0.1666666667,FROWNING FACE WITH OPEN MOUTH,Emoticons
ğŸª,0x1f36a,54,0.736575166,0.1851851852,0.2962962963,0.5185185185,COOKIE,Miscellaneous Symbols and Pictographs
ğŸ£,0x1f363,53,0.669970061,0.4528301887,0.3396226415,0.2075471698,SUSHI,Miscellaneous Symbols and Pictographs
âœ§,0x2727,53,0.398520727,0.01886792453,0.6226415094,0.358490566,WHITE FOUR POINTED STAR,Dingbats
ğŸ†,0x1f386,52,0.798520237,0.03846153846,0.1730769231,0.7884615385,FIREWORKS,Miscellaneous Symbols and Pictographs
ğŸ,0x1f38e,51,0.417134709,0,0.03921568627,0.9607843137,JAPANESE DOLLS,Miscellaneous Symbols and Pictographs
âœ…,0x2705,51,0.672789014,0.05882352941,0.4509803922,0.4901960784,WHITE HEAVY CHECK MARK,Dingbats
ğŸ‘¹,0x1f479,49,0.70117277,0.2653061224,0.4081632653,0.3265306122,JAPANESE OGRE,Miscellaneous Symbols and Pictographs
ğŸ“±,0x1f4f1,49,0.719713336,0.08163265306,0.5102040816,0.4081632653,MOBILE PHONE,Miscellaneous Symbols and Pictographs
ğŸ™,0x1f64d,49,0.844922892,0.5918367347,0.1632653061,0.2448979592,PERSON FROWNING,Emoticons
ğŸ‘,0x1f351,49,0.739305631,0.2448979592,0.2448979592,0.5102040816,PEACH,Miscellaneous Symbols and Pictographs
ğŸ¼,0x1f3bc,49,0.636141803,0.04081632653,0.5714285714,0.387755102,MUSICAL SCORE,Miscellaneous Symbols and Pictographs
ğŸ”Š,0x1f50a,49,0.651738713,0.08163265306,0.4081632653,0.5102040816,SPEAKER WITH THREE SOUND WAVES,Miscellaneous Symbols and Pictographs
ğŸŒŒ,0x1f30c,47,0.750586217,0.1063829787,0.2340425532,0.6595744681,MILKY WAY,Miscellaneous Symbols and Pictographs
ğŸ,0x1f34e,47,0.75089759,0.1276595745,0.4042553191,0.4680851064,RED APPLE,Miscellaneous Symbols and Pictographs
ğŸ»,0x1f43b,47,0.691609267,0.1276595745,0.2765957447,0.5957446809,BEAR FACE,Miscellaneous Symbols and Pictographs
ğŸ’‡,0x1f487,46,0.678429189,0.152173913,0.347826087,0.5,HAIRCUT,Miscellaneous Symbols and Pictographs
â™¬,0x266c,46,0.677442137,0.08695652174,0.5652173913,0.347826087,BEAMED SIXTEENTH NOTES,Miscellaneous Symbols
â™š,0x265a,46,0.389194579,0,0.9565217391,0.04347826087,BLACK CHESS KING,Miscellaneous Symbols
ğŸ”´,0x1f534,45,0.655928061,0.02222222222,0.5333333333,0.4444444444,LARGE RED CIRCLE,Miscellaneous Symbols and Pictographs
ğŸ±,0x1f371,45,0.58000953,0.5555555556,0.2222222222,0.2222222222,BENTO BOX,Miscellaneous Symbols and Pictographs
ğŸŠ,0x1f34a,45,0.697299999,0.1333333333,0.2888888889,0.5777777778,TANGERINE,Miscellaneous Symbols and Pictographs
ğŸ’,0x1f352,45,0.619434077,0.1333333333,0.4,0.4666666667,CHERRIES,Miscellaneous Symbols and Pictographs
ğŸ­,0x1f42d,45,0.822545804,0,0.2666666667,0.7333333333,MOUSE FACE,Miscellaneous Symbols and Pictographs
ğŸ‘Ÿ,0x1f45f,45,0.561642541,0.1111111111,0.3333333333,0.5555555556,ATHLETIC SHOE,Miscellaneous Symbols and Pictographs
ğŸŒ,0x1f30e,44,0.743438616,0.1136363636,0.4318181818,0.4545454545,EARTH GLOBE AMERICAS,Miscellaneous Symbols and Pictographs
ğŸ,0x1f34d,44,0.583336287,0.1590909091,0.1818181818,0.6590909091,PINEAPPLE,Miscellaneous Symbols and Pictographs
ğŸ®,0x1f42e,43,0.846658768,0.04651162791,0.2790697674,0.6744186047,COW FACE,Miscellaneous Symbols and Pictographs
ğŸ“²,0x1f4f2,43,0.598172133,0.1627906977,0.4186046512,0.4186046512,MOBILE PHONE WITH RIGHTWARDS ARROW AT LEFT,Miscellaneous Symbols and Pictographs
â˜¼,0x263c,43,0.461142875,0.04651162791,0.6976744186,0.2558139535,WHITE SUN WITH RAYS,Miscellaneous Symbols
ğŸŒ…,0x1f305,42,0.603551051,0.1428571429,0.3333333333,0.5238095238,SUNRISE,Miscellaneous Symbols and Pictographs
ğŸ‘ ,0x1f460,42,0.637243017,0.1428571429,0.3333333333,0.5238095238,HIGH-HEELED SHOE,Miscellaneous Symbols and Pictographs
ğŸŒ½,0x1f33d,42,0.648931091,0.119047619,0.2857142857,0.5952380952,EAR OF MAIZE,Miscellaneous Symbols and Pictographs
ğŸ’§,0x1f4a7,41,0.76764795,0.487804878,0.1951219512,0.3170731707,DROPLET,Miscellaneous Symbols and Pictographs
â“,0x2753,41,0.614920844,0.1707317073,0.5853658537,0.243902439,BLACK QUESTION MARK ORNAMENT,Dingbats
ğŸ¬,0x1f36c,41,0.784072191,0.1951219512,0.2195121951,0.5853658537,CANDY,Miscellaneous Symbols and Pictographs
ğŸ˜º,0x1f63a,40,0.825897808,0.2,0.175,0.625,SMILING CAT FACE WITH OPEN MOUTH,Emoticons
ğŸ´,0x1f434,40,0.795776393,0.2,0.525,0.275,HORSE FACE,Miscellaneous Symbols and Pictographs
ğŸ’¢,0x1f4a2,40,0.560644274,0.15,0.45,0.4,ANGER SYMBOL,Miscellaneous Symbols and Pictographs
ğŸ¬,0x1f3ac,40,0.650028961,0.05,0.6,0.35,CLAPPER BOARD,Miscellaneous Symbols and Pictographs
ğŸ§,0x1f367,40,0.674847866,0.225,0.225,0.55,SHAVED ICE,Miscellaneous Symbols and Pictographs
ğŸœ,0x1f35c,40,0.577916931,0.225,0.125,0.65,STEAMING BOWL,Miscellaneous Symbols and Pictographs
ğŸ,0x1f40f,40,0.975591533,0.05,0.3,0.65,RAM,Miscellaneous Symbols and Pictographs
ğŸ˜,0x1f418,40,0.722256768,0.225,0.525,0.25,ELEPHANT,Miscellaneous Symbols and Pictographs
ğŸ‘§,0x1f467,40,0.649498717,0.25,0.35,0.4,GIRL,Miscellaneous Symbols and Pictographs
ğŸ„,0x1f3c4,39,0.772893432,0.05128205128,0.3333333333,0.6153846154,SURFER,Miscellaneous Symbols and Pictographs
â¤,0x27a4,39,0.382195298,0,0.6666666667,0.3333333333,BLACK RIGHTWARDS ARROWHEAD,Dingbats
ğŸ‹,0x1f34b,38,0.742802859,0.1578947368,0.4210526316,0.4210526316,LEMON,Miscellaneous Symbols and Pictographs
âšª,0x26aa,37,0.564780444,0,0.5135135135,0.4864864865,MEDIUM WHITE CIRCLE,Miscellaneous Symbols
ğŸ“º,0x1f4fa,37,0.61386867,0.08108108108,0.4324324324,0.4864864865,TELEVISION,Miscellaneous Symbols and Pictographs
ğŸ…,0x1f345,37,0.838126825,0.2432432432,0.1351351351,0.6216216216,TOMATO,Miscellaneous Symbols and Pictographs
â›…,0x26c5,37,0.61632427,0.1081081081,0.2972972973,0.5945945946,SUN BEHIND CLOUD,Miscellaneous Symbols
ğŸ¢,0x1f422,37,0.621646684,0.1621621622,0.4594594595,0.3783783784,TURTLE,Miscellaneous Symbols and Pictographs
ğŸ‘™,0x1f459,37,0.697202004,0.08108108108,0.2972972973,0.6216216216,BIKINI,Miscellaneous Symbols and Pictographs
ğŸ¡,0x1f3e1,36,0.744478613,0.1388888889,0.25,0.6111111111,HOUSE WITH GARDEN,Miscellaneous Symbols and Pictographs
ğŸŒ¾,0x1f33e,36,0.558280959,0.1388888889,0.1388888889,0.7222222222,EAR OF RICE,Miscellaneous Symbols and Pictographs
âœ,0x270f,35,0.625100023,0.08571428571,0.4571428571,0.4571428571,PENCIL,Dingbats
ğŸ¬,0x1f42c,35,0.74664334,0.05714285714,0.4285714286,0.5142857143,DOLPHIN,Miscellaneous Symbols and Pictographs
ğŸ¤,0x1f364,35,0.513142123,0.1714285714,0.6,0.2285714286,FRIED SHRIMP,Miscellaneous Symbols and Pictographs
â™£,0x2663,35,0.666096972,0.1142857143,0.4,0.4857142857,BLACK CLUB SUIT,Miscellaneous Symbols
ğŸ,0x1f41d,35,0.734687255,0.1428571429,0.4857142857,0.3714285714,HONEYBEE,Miscellaneous Symbols and Pictographs
ğŸŒ,0x1f31d,34,0.718124589,0.1470588235,0.5,0.3529411765,FULL MOON WITH FACE,Miscellaneous Symbols and Pictographs
ğŸ”‹,0x1f50b,34,0.583005086,0.6470588235,0.2352941176,0.1176470588,BATTERY,Miscellaneous Symbols and Pictographs
ğŸ,0x1f40d,34,0.622534826,0.08823529412,0.4411764706,0.4705882353,SNAKE,Miscellaneous Symbols and Pictographs
â™”,0x2654,34,0.588904318,0,0.4117647059,0.5882352941,WHITE CHESS KING,Miscellaneous Symbols
ğŸ³,0x1f373,33,0.798473001,0.3939393939,0.1818181818,0.4242424242,COOKING,Miscellaneous Symbols and Pictographs
ğŸ”µ,0x1f535,33,0.680543536,0.1212121212,0.4242424242,0.4545454545,LARGE BLUE CIRCLE,Miscellaneous Symbols and Pictographs
ğŸ˜¾,0x1f63e,33,0.914644696,0.6060606061,0.1515151515,0.2424242424,POUTING CAT FACE,Emoticons
ğŸŒ•,0x1f315,33,0.641921506,0.09090909091,0.2121212121,0.696969697,FULL MOON SYMBOL,Miscellaneous Symbols and Pictographs
ğŸ¨,0x1f428,33,0.696298274,0.1212121212,0.2727272727,0.6060606061,KOALA,Miscellaneous Symbols and Pictographs
ğŸ”,0x1f510,33,0.845213961,0.1818181818,0.2727272727,0.5454545455,CLOSED LOCK WITH KEY,Miscellaneous Symbols and Pictographs
ğŸ’¿,0x1f4bf,33,0.444466092,0,0.3333333333,0.6666666667,OPTICAL DISC,Miscellaneous Symbols and Pictographs
â,0x2741,33,0.492535753,0,0.9393939394,0.06060606061,EIGHT PETALLED OUTLINED BLACK FLORETTE,Dingbats
ğŸŒ³,0x1f333,32,0.536180131,0.0625,0.34375,0.59375,DECIDUOUS TREE,Miscellaneous Symbols and Pictographs
ğŸ‘°,0x1f470,32,0.787391801,0.09375,0.28125,0.625,BRIDE WITH VEIL,Miscellaneous Symbols and Pictographs
â€,0x2740,32,0.443664362,0,0.5625,0.4375,WHITE FLORETTE,Dingbats
âš“,0x2693,32,0.592872704,0.0625,0.25,0.6875,ANCHOR,Miscellaneous Symbols
ğŸ‘—,0x1f457,31,0.703059819,0.1612903226,0.4193548387,0.4193548387,DRESS,Miscellaneous Symbols and Pictographs
â•,0x2795,31,0.034111266,0.1290322581,0.1612903226,0.7096774194,HEAVY PLUS SIGN,Dingbats
ğŸ’¬,0x1f4ac,30,0.635322751,0.1333333333,0.3333333333,0.5333333333,SPEECH BALLOON,Miscellaneous Symbols and Pictographs
ğŸ”œ,0x1f51c,30,0.606237062,0.1666666667,0.3666666667,0.4666666667,SOON WITH RIGHTWARDS ARROW ABOVE,Miscellaneous Symbols and Pictographs
ğŸ¨,0x1f368,30,0.656537195,0.2666666667,0.2333333333,0.5,ICE CREAM,Miscellaneous Symbols and Pictographs
ğŸ’²,0x1f4b2,30,0.793676272,0,0.7333333333,0.2666666667,HEAVY DOLLAR SIGN,Miscellaneous Symbols and Pictographs
â›½,0x26fd,30,0.287349631,0.03333333333,0.7666666667,0.2,FUEL PUMP,Miscellaneous Symbols
ğŸ™,0x1f359,29,0.566487361,0.1724137931,0.3448275862,0.4827586207,RICE BALL,Miscellaneous Symbols and Pictographs
ğŸ—,0x1f357,29,0.674706178,0.3103448276,0.3103448276,0.3793103448,POULTRY LEG,Miscellaneous Symbols and Pictographs
ğŸ²,0x1f372,29,0.672925496,0.2413793103,0.3793103448,0.3793103448,POT OF FOOD,Miscellaneous Symbols and Pictographs
ğŸ¥,0x1f365,29,0.57963379,0.7586206897,0.1379310345,0.1034482759,FISH CAKE WITH SWIRL DESIGN,Miscellaneous Symbols and Pictographs
â™›,0x265b,29,0.48995855,0.1379310345,0.5172413793,0.3448275862,BLACK CHESS QUEEN,Miscellaneous Symbols
ğŸ˜¼,0x1f63c,28,0.855991066,0.1785714286,0.25,0.5714285714,CAT FACE WITH WRY SMILE,Emoticons
ğŸ™,0x1f419,28,0.677637628,0.07142857143,0.4285714286,0.5,OCTOPUS,Miscellaneous Symbols and Pictographs
ğŸ‘¨,0x1f468,28,0.693754806,0.07142857143,0.2857142857,0.6428571429,MAN,Miscellaneous Symbols and Pictographs
ğŸš,0x1f35a,28,0.636903275,0.2142857143,0.07142857143,0.7142857143,COOKED RICE,Miscellaneous Symbols and Pictographs
ğŸ–,0x1f356,28,0.678553575,0.25,0.3571428571,0.3928571429,MEAT ON BONE,Miscellaneous Symbols and Pictographs
â™¨,0x2668,28,0.664942237,0,0.03571428571,0.9642857143,HOT SPRINGS,Miscellaneous Symbols
ğŸ¹,0x1f3b9,28,0.466337612,0,0.6071428571,0.3928571429,MUSICAL KEYBOARD,Miscellaneous Symbols and Pictographs
â™•,0x2655,28,0.621310417,0,0.5714285714,0.4285714286,WHITE CHESS QUEEN,Miscellaneous Symbols
ğŸ,0x1f34f,27,0.85243179,0.2592592593,0.4074074074,0.3333333333,GREEN APPLE,Miscellaneous Symbols and Pictographs
ğŸ‘©,0x1f469,27,0.731773327,0.3333333333,0.2592592593,0.4074074074,WOMAN,Miscellaneous Symbols and Pictographs
ğŸ‘¦,0x1f466,27,0.606457886,0.1851851852,0.4814814815,0.3333333333,BOY,Miscellaneous Symbols and Pictographs
â˜ ,0x2620,27,0.748862198,0.2592592593,0.5185185185,0.2222222222,SKULL AND CROSSBONES,Miscellaneous Symbols
ğŸ ,0x1f420,26,0.767680777,0.1538461538,0.2307692308,0.6153846154,TROPICAL FISH,Miscellaneous Symbols and Pictographs
ğŸ’µ,0x1f4b5,26,0.806506343,0.1153846154,0.3461538462,0.5384615385,BANKNOTE WITH DOLLAR SIGN,Miscellaneous Symbols and Pictographs
âœ°,0x2730,26,0.19481227,0,0.1153846154,0.8846153846,SHADOWED WHITE STAR,Dingbats
ğŸ‘›,0x1f45b,25,0.696359786,0.16,0.28,0.56,PURSE,Miscellaneous Symbols and Pictographs
ğŸŒ±,0x1f331,25,0.561338235,0,0.36,0.64,SEEDLING,Miscellaneous Symbols and Pictographs
ğŸ’»,0x1f4bb,25,0.489415613,0.04,0.64,0.32,PERSONAL COMPUTER,Miscellaneous Symbols and Pictographs
ğŸŒ,0x1f30f,25,0.681460526,0.12,0.4,0.48,EARTH GLOBE ASIA-AUSTRALIA,Miscellaneous Symbols and Pictographs
ğŸ‘“,0x1f453,24,0.514451688,0,0.6666666667,0.3333333333,EYEGLASSES,Miscellaneous Symbols and Pictographs
âš¾,0x26be,24,0.213609507,0.375,0.2916666667,0.3333333333,BASEBALL,Miscellaneous Symbols
ğŸŒ²,0x1f332,23,0.496443035,0.08695652174,0.3913043478,0.5217391304,EVERGREEN TREE,Miscellaneous Symbols and Pictographs
ğŸ‘´,0x1f474,23,0.783858479,0.2173913043,0.3043478261,0.4782608696,OLDER MAN,Miscellaneous Symbols and Pictographs
ğŸ ,0x1f3e0,23,0.641777733,0.04347826087,0.347826087,0.6086956522,HOUSE BUILDING,Miscellaneous Symbols and Pictographs
ğŸ‡,0x1f347,23,0.583781365,0.2173913043,0.2608695652,0.5217391304,GRAPES,Miscellaneous Symbols and Pictographs
ğŸ˜,0x1f358,23,0.620778046,0.2173913043,0.1304347826,0.652173913,RICE CRACKER,Miscellaneous Symbols and Pictographs
ğŸ›,0x1f35b,23,0.585489158,0.347826087,0.2608695652,0.3913043478,CURRY AND RICE,Miscellaneous Symbols and Pictographs
ğŸ‡,0x1f407,23,0.96735812,0.1739130435,0.3913043478,0.4347826087,RABBIT,Miscellaneous Symbols and Pictographs
ğŸ”,0x1f51e,23,0.814490975,0.2608695652,0.5217391304,0.2173913043,NO ONE UNDER EIGHTEEN SYMBOL,Miscellaneous Symbols and Pictographs
ğŸ‘µ,0x1f475,23,0.818006874,0.2173913043,0.08695652174,0.6956521739,OLDER WOMAN,Miscellaneous Symbols and Pictographs
ğŸ”™,0x1f519,23,0.143848565,0.08695652174,0.6086956522,0.3043478261,BACK WITH LEFTWARDS ARROW ABOVE,Miscellaneous Symbols and Pictographs
ğŸŒµ,0x1f335,23,0.670060172,0.2608695652,0.2608695652,0.4782608696,CACTUS,Miscellaneous Symbols and Pictographs
ğŸ½,0x1f43d,22,0.647826714,0.2272727273,0.4090909091,0.3636363636,PIG NOSE,Miscellaneous Symbols and Pictographs
ğŸ®,0x1f36e,22,0.701402915,0.4545454545,0.2272727273,0.3181818182,CUSTARD,Miscellaneous Symbols and Pictographs
ğŸ‡,0x1f387,22,0.820989335,0.04545454545,0.1363636364,0.8181818182,FIREWORK SPARKLER,Miscellaneous Symbols and Pictographs
ğŸ,0x1f40e,22,0.698088195,0.09090909091,0.3636363636,0.5454545455,HORSE,Miscellaneous Symbols and Pictographs
â”,0x2794,22,0.540918757,0.1363636364,0.8636363636,0,HEAVY WIDE-HEADED RIGHTWARDS ARROW,Dingbats
ğŸ’¶,0x1f4b6,22,0.748289907,0.1363636364,0.7272727273,0.1363636364,BANKNOTE WITH EURO SIGN,Miscellaneous Symbols and Pictographs
ğŸ¤,0x1f424,22,0.838037285,0.04545454545,0.3181818182,0.6363636364,BABY CHICK,Miscellaneous Symbols and Pictographs
ğŸŒ‘,0x1f311,21,0.603915537,0.09523809524,0.2857142857,0.619047619,NEW MOON SYMBOL,Miscellaneous Symbols and Pictographs
ğŸ‘,0x1f411,21,0.921935783,0.2857142857,0.619047619,0.09523809524,SHEEP,Miscellaneous Symbols and Pictographs
ğŸ,0x1f3c1,21,0.618314821,0,0.4285714286,0.5714285714,CHEQUERED FLAG,Miscellaneous Symbols and Pictographs
ğŸ,0x1f35e,21,0.710838498,0.2857142857,0.380952381,0.3333333333,BREAD,Miscellaneous Symbols and Pictographs
ğŸ¾,0x1f3be,21,0.820392839,0.09523809524,0.1904761905,0.7142857143,TENNIS RACQUET AND BALL,Miscellaneous Symbols and Pictographs
ğŸ³,0x1f433,20,0.65571861,0.2,0.45,0.35,SPOUTING WHALE,Miscellaneous Symbols and Pictographs
ğŸ‘®,0x1f46e,20,0.742230559,0.5,0.4,0.1,POLICE OFFICER,Miscellaneous Symbols and Pictographs
â˜¹,0x2639,20,0.776559964,0.7,0.2,0.1,WHITE FROWNING FACE,Miscellaneous Symbols
ğŸµ,0x1f435,20,0.63050797,0.05,0.35,0.6,MONKEY FACE,Miscellaneous Symbols and Pictographs
âœª,0x272a,20,0.287581918,0,0.65,0.35,CIRCLED WHITE STAR,Dingbats
ğŸ—¼,0x1f5fc,20,0.653788547,0.05,0.3,0.65,TOKYO TOWER,Miscellaneous Symbols and Pictographs
â™ ,0x2660,20,0.533120829,0,0.65,0.35,BLACK SPADE SUIT,Miscellaneous Symbols
ğŸ‘º,0x1f47a,19,0.824824563,0.4210526316,0.3684210526,0.2105263158,JAPANESE GOBLIN,Miscellaneous Symbols and Pictographs
ğŸš,0x1f41a,19,0.526458845,0.05263157895,0.6315789474,0.3157894737,SPIRAL SHELL,Miscellaneous Symbols and Pictographs
ğŸ‘‚,0x1f442,19,0.68212761,0.3684210526,0.4210526316,0.2105263158,EAR,Miscellaneous Symbols and Pictographs
ğŸ—½,0x1f5fd,19,0.651087541,0.05263157895,0.5263157895,0.4210526316,STATUE OF LIBERTY,Miscellaneous Symbols and Pictographs
ğŸµ,0x1f375,19,0.650326294,0.1578947368,0.2631578947,0.5789473684,TEACUP WITHOUT HANDLE,Miscellaneous Symbols and Pictographs
ğŸ¯,0x1f36f,19,0.779822828,0.3684210526,0.2105263158,0.4210526316,HONEY POT,Miscellaneous Symbols and Pictographs
ğŸº,0x1f43a,19,0.734916913,0.1052631579,0.5263157895,0.3684210526,WOLF FACE,Miscellaneous Symbols and Pictographs
â¨,0x27a8,19,0.558287039,0.1052631579,0.6315789474,0.2631578947,HEAVY CONCAVE-POINTED BLACK RIGHTWARDS ARROW,Dingbats
ğŸŒ“,0x1f313,19,0.458297394,0,0.3157894737,0.6842105263,FIRST QUARTER MOON SYMBOL,Miscellaneous Symbols and Pictographs
ğŸ”’,0x1f512,19,0.939297049,0.2631578947,0.2631578947,0.4736842105,LOCK,Miscellaneous Symbols and Pictographs
ğŸ‘³,0x1f473,18,0.816081393,0.1111111111,0.05555555556,0.8333333333,MAN WITH TURBAN,Miscellaneous Symbols and Pictographs
ğŸŒ‚,0x1f302,18,0.784983076,0.1111111111,0.5,0.3888888889,CLOSED UMBRELLA,Miscellaneous Symbols and Pictographs
â™©,0x2669,18,0.791816647,0,0.3888888889,0.6111111111,QUARTER NOTE,Miscellaneous Symbols
ğŸ¡,0x1f361,18,0.699734257,0.2777777778,0.5,0.2222222222,DANGO,Miscellaneous Symbols and Pictographs
â¥,0x2765,18,0.440217022,0,0.7222222222,0.2777777778,ROTATED HEAVY BLACK HEART BULLET,Dingbats
ğŸ¡,0x1f3a1,18,0.506097489,0.05555555556,0.5555555556,0.3888888889,FERRIS WHEEL,Miscellaneous Symbols and Pictographs
ğŸ’Œ,0x1f48c,17,0.805000544,0.1176470588,0.1764705882,0.7058823529,LOVE LETTER,Miscellaneous Symbols and Pictographs
ğŸ©,0x1f429,17,0.87034228,0,0.5882352941,0.4117647059,POODLE,Miscellaneous Symbols and Pictographs
ğŸŒœ,0x1f31c,17,0.604117045,0,0.4117647059,0.5882352941,LAST QUARTER MOON WITH FACE,Miscellaneous Symbols and Pictographs
ğŸ–,0x1f416,17,0.814054951,0,0.8235294118,0.1764705882,PIG,Miscellaneous Symbols and Pictographs
ğŸ”†,0x1f506,17,0.604618098,0,0.3529411765,0.6470588235,HIGH BRIGHTNESS SYMBOL,Miscellaneous Symbols and Pictographs
ğŸŒ›,0x1f31b,17,0.679966738,0,0.3529411765,0.6470588235,FIRST QUARTER MOON WITH FACE,Miscellaneous Symbols and Pictographs
ğŸ’‚,0x1f482,17,0.691282654,0.4705882353,0.2352941176,0.2941176471,GUARDSMAN,Miscellaneous Symbols and Pictographs
ğŸ”,0x1f414,17,0.627149273,0.05882352941,0.5294117647,0.4117647059,CHICKEN,Miscellaneous Symbols and Pictographs
ğŸ™,0x1f64e,17,0.640742988,0.4705882353,0.1176470588,0.4117647059,PERSON WITH POUTING FACE,Emoticons
ğŸ©,0x1f3e9,16,0.587431016,0.125,0.25,0.625,LOVE HOTEL,Miscellaneous Symbols and Pictographs
ğŸ”¨,0x1f528,16,0.738603866,0.375,0.375,0.25,HAMMER,Miscellaneous Symbols and Pictographs
ğŸ“¢,0x1f4e2,16,0.545722402,0,0.5,0.5,PUBLIC ADDRESS LOUDSPEAKER,Miscellaneous Symbols and Pictographs
ğŸ¦,0x1f426,16,0.75753571,0,0.5,0.5,BIRD,Miscellaneous Symbols and Pictographs
ğŸ²,0x1f432,16,0.457546329,0.125,0.8125,0.0625,DRAGON FACE,Miscellaneous Symbols and Pictographs
â™»,0x267b,16,0.438690753,0,0.4375,0.5625,BLACK UNIVERSAL RECYCLING SYMBOL,Miscellaneous Symbols
ğŸŒ˜,0x1f318,16,0.577817017,0,0.3125,0.6875,WANING CRESCENT MOON SYMBOL,Miscellaneous Symbols and Pictographs
ğŸ,0x1f350,16,0.84457574,0.3125,0.1875,0.5,PEAR,Miscellaneous Symbols and Pictographs
ğŸŒ”,0x1f314,16,0.447188207,0,0.3125,0.6875,WAXING GIBBOUS MOON SYMBOL,Miscellaneous Symbols and Pictographs
âŠ,0x274a,16,0.45212766,0,1,0,EIGHT TEARDROP-SPOKED PROPELLER ASTERISK,Dingbats
ğŸ‘–,0x1f456,15,0.910194857,0.06666666667,0.4666666667,0.4666666667,JEANS,Miscellaneous Symbols and Pictographs
ğŸ˜—,0x1f617,15,0.714328477,0.06666666667,0.1333333333,0.8,KISSING FACE,Emoticons
ğŸ­,0x1f3ad,15,0.657660049,0.3333333333,0.3333333333,0.3333333333,PERFORMING ARTS,Miscellaneous Symbols and Pictographs
ğŸ„,0x1f404,15,0.825887991,0.1333333333,0.4,0.4666666667,COW,Miscellaneous Symbols and Pictographs
ğŸ¢,0x1f362,15,0.684276452,0.3333333333,0.4666666667,0.2,ODEN,Miscellaneous Symbols and Pictographs
ğŸ¨,0x1f3a8,15,0.490548154,0.06666666667,0.6666666667,0.2666666667,ARTIST PALETTE,Miscellaneous Symbols and Pictographs
â›²,0x26f2,15,0.697309585,0.06666666667,0.8,0.1333333333,FOUNTAIN,Miscellaneous Symbols
ğŸŒ—,0x1f317,15,0.54681955,0,0.2666666667,0.7333333333,LAST QUARTER MOON SYMBOL,Miscellaneous Symbols and Pictographs
ğŸŒ–,0x1f316,15,0.534539354,0,0.2666666667,0.7333333333,WANING GIBBOUS MOON SYMBOL,Miscellaneous Symbols and Pictographs
ğŸ”…,0x1f505,15,0.634782609,0,0,1,LOW BRIGHTNESS SYMBOL,Miscellaneous Symbols and Pictographs
ğŸ‘œ,0x1f45c,14,0.675482619,0.1428571429,0.4285714286,0.4285714286,HANDBAG,Miscellaneous Symbols and Pictographs
ğŸŒ,0x1f40c,14,0.421349764,0,0.2142857143,0.7857142857,SNAIL,Miscellaneous Symbols and Pictographs
ğŸ’¼,0x1f4bc,14,0.573028381,0.07142857143,0.2142857143,0.7142857143,BRIEFCASE,Miscellaneous Symbols and Pictographs
ğŸ¹,0x1f439,14,0.743700839,0.2142857143,0.2142857143,0.5714285714,HAMSTER FACE,Miscellaneous Symbols and Pictographs
ğŸŒ ,0x1f320,14,0.761411531,0.1428571429,0.07142857143,0.7857142857,SHOOTING STAR,Miscellaneous Symbols and Pictographs
ğŸˆ,0x1f408,14,0.645414223,0,0.6428571429,0.3571428571,CAT,Miscellaneous Symbols and Pictographs
â˜,0x260e,14,0.836709012,0.1428571429,0.7142857143,0.1428571429,BLACK TELEPHONE,Miscellaneous Symbols
ğŸŒ,0x1f301,14,0.744406749,0.07142857143,0.6428571429,0.2857142857,FOGGY,Miscellaneous Symbols and Pictographs
âš«,0x26ab,14,0.440912997,0.2142857143,0.2857142857,0.5,MEDIUM BLACK CIRCLE,Miscellaneous Symbols
â™§,0x2667,14,0.775062446,0,0.4285714286,0.5714285714,WHITE CLUB SUIT,Miscellaneous Symbols
ğŸ°,0x1f3f0,14,0.434066804,0.07142857143,0.5,0.4285714286,EUROPEAN CASTLE,Miscellaneous Symbols and Pictographs
ğŸ¢,0x1f3a2,14,0.825803746,0.07142857143,0.2857142857,0.6428571429,ROLLER COASTER,Miscellaneous Symbols and Pictographs
ğŸ·,0x1f3b7,14,0.759955203,0,0.2142857143,0.7857142857,SAXOPHONE,Miscellaneous Symbols and Pictographs
ğŸ,0x1f390,14,0.290879701,0,0.7857142857,0.2142857143,WIND CHIME,Miscellaneous Symbols and Pictographs
ğŸŒ‡,0x1f307,13,0.54287435,0,0.3846153846,0.6153846154,SUNSET OVER BUILDINGS,Miscellaneous Symbols and Pictographs
ğŸ¿,0x1f3bf,13,0.727391903,0.07692307692,0.3846153846,0.5384615385,SKI AND SKI BOOT,Miscellaneous Symbols and Pictographs
âœ¦,0x2726,13,0.402369693,0,0.9230769231,0.07692307692,BLACK FOUR POINTED STAR,Dingbats
â›ª,0x26ea,13,0.38723933,0.1538461538,0.5384615385,0.3076923077,CHURCH,Miscellaneous Symbols
ğŸŒ’,0x1f312,13,0.446222397,0,0.3076923077,0.6923076923,WAXING CRESCENT MOON SYMBOL,Miscellaneous Symbols and Pictographs
ğŸª,0x1f42a,13,0.836925018,0,0.3076923077,0.6923076923,DROMEDARY CAMEL,Miscellaneous Symbols and Pictographs
ğŸ‘”,0x1f454,12,0.520012314,0.1666666667,0.25,0.5833333333,NECKTIE,Miscellaneous Symbols and Pictographs
ğŸ”±,0x1f531,12,0.790792217,0.25,0.4166666667,0.3333333333,TRIDENT EMBLEM,Miscellaneous Symbols and Pictographs
ğŸ‹,0x1f40b,12,0.865813424,0.1666666667,0.4166666667,0.4166666667,WHALE,Miscellaneous Symbols and Pictographs
ğŸ›,0x1f41b,12,0.672751951,0.1666666667,0.3333333333,0.5,BUG,Miscellaneous Symbols and Pictographs
ğŸ‘•,0x1f455,12,0.795097842,0.08333333333,0.3333333333,0.5833333333,T-SHIRT,Miscellaneous Symbols and Pictographs
ğŸ’³,0x1f4b3,12,0.83392297,0.08333333333,0.3333333333,0.5833333333,CREDIT CARD,Miscellaneous Symbols and Pictographs
ğŸŒ†,0x1f306,12,0.764797204,0.1666666667,0.5,0.3333333333,CITYSCAPE AT DUSK,Miscellaneous Symbols and Pictographs
ğŸ§,0x1f3e7,12,0.888240175,0,0,1,AUTOMATED TELLER MACHINE,Miscellaneous Symbols and Pictographs
ğŸ’¡,0x1f4a1,12,0.597619454,0,0.25,0.75,ELECTRIC LIGHT BULB,Miscellaneous Symbols and Pictographs
ğŸ”¹,0x1f539,12,0.170199929,0.1666666667,0.5,0.3333333333,SMALL BLUE DIAMOND,Miscellaneous Symbols and Pictographs
ğŸ ,0x1f360,12,0.938678015,0.4166666667,0.1666666667,0.4166666667,ROASTED SWEET POTATO,Miscellaneous Symbols and Pictographs
ğŸ«,0x1f42b,12,0.770082215,0,0.5833333333,0.4166666667,BACTRIAN CAMEL,Miscellaneous Symbols and Pictographs
ğŸª,0x1f3ea,12,0.374437236,0.1666666667,0.5833333333,0.25,CONVENIENCE STORE,Miscellaneous Symbols and Pictographs
ğŸ“¹,0x1f4f9,11,0.718346535,0.09090909091,0.2727272727,0.6363636364,VIDEO CAMERA,Miscellaneous Symbols and Pictographs
ğŸ‘,0x1f45e,11,0.779457078,0.09090909091,0.2727272727,0.6363636364,MANS SHOE,Miscellaneous Symbols and Pictographs
ğŸ‘š,0x1f45a,11,0.810043786,0,0.2727272727,0.7272727273,WOMANS CLOTHES,Miscellaneous Symbols and Pictographs
ğŸ‚,0x1f402,11,0.774388184,0.09090909091,0.6363636364,0.2727272727,OX,Miscellaneous Symbols and Pictographs
âœ³,0x2733,11,0.37234627,0,1,0,EIGHT SPOKED ASTERISK,Dingbats
ğŸ‰,0x1f3c9,11,0.837042609,0,0.3636363636,0.6363636364,RUGBY FOOTBALL,Miscellaneous Symbols and Pictographs
ğŸ—»,0x1f5fb,11,0.723455901,0,0.2727272727,0.7272727273,MOUNT FUJI,Miscellaneous Symbols and Pictographs
ğŸ€,0x1f400,11,0.701470653,0.09090909091,0.6363636364,0.2727272727,RAT,Miscellaneous Symbols and Pictographs
â›º,0x26fa,10,0.905848988,0.1,0.2,0.7,TENT,Miscellaneous Symbols
ğŸ•,0x1f415,10,0.879333592,0.1,0.5,0.4,DOG,Miscellaneous Symbols and Pictographs
ğŸ‚,0x1f3c2,10,0.777003138,0.1,0.3,0.6,SNOWBOARDER,Miscellaneous Symbols and Pictographs
ğŸ‘¡,0x1f461,10,0.63543995,0.1,0.3,0.6,WOMANS SANDAL,Miscellaneous Symbols and Pictographs
ğŸ“»,0x1f4fb,10,0.726200366,0.1,0.4,0.5,RADIO,Miscellaneous Symbols and Pictographs
âœ’,0x2712,10,0.543607437,0.1,0.5,0.4,BLACK NIB,Dingbats
ğŸŒ°,0x1f330,10,0.786442145,0,0.3,0.7,CHESTNUT,Miscellaneous Symbols and Pictographs
ğŸ¢,0x1f3e2,10,0.542295544,0,0.8,0.2,OFFICE BUILDING,Miscellaneous Symbols and Pictographs
ğŸ’,0x1f392,10,0.614006372,0.1,0.2,0.7,SCHOOL SATCHEL,Miscellaneous Symbols and Pictographs
ğŸ«,0x1f3eb,10,0.644209517,0.6,0.1,0.3,SCHOOL,Miscellaneous Symbols and Pictographs
ğŸ“´,0x1f4f4,10,0.981898981,0.1,0,0.9,MOBILE PHONE OFF,Miscellaneous Symbols and Pictographs
ğŸ‰,0x1f409,10,0.628494919,0,0.8,0.2,DRAGON,Miscellaneous Symbols and Pictographs
â’,0x2752,10,0.587413086,0,0.7,0.3,UPPER RIGHT SHADOWED WHITE SQUARE,Dingbats
ğŸŠ,0x1f40a,10,0.84550756,0.2,0.5,0.3,CROCODILE,Miscellaneous Symbols and Pictographs
ğŸ””,0x1f514,10,0.713041475,0,0,1,BELL,Miscellaneous Symbols and Pictographs
ğŸ¥,0x1f3e5,9,0.648092966,0.1111111111,0.4444444444,0.4444444444,HOSPITAL,Miscellaneous Symbols and Pictographs
â”,0x2754,9,0.787466861,0.3333333333,0.3333333333,0.3333333333,WHITE QUESTION MARK ORNAMENT,Dingbats
â˜›,0x261b,9,0.553782742,0,0.5555555556,0.4444444444,BLACK RIGHT POINTING INDEX,Miscellaneous Symbols
âœ©,0x2729,9,0.265667997,0,1,0,STRESS OUTLINED WHITE STAR,Dingbats
ğŸ’’,0x1f492,9,0.79417208,0,0.3333333333,0.6666666667,WEDDING,Miscellaneous Symbols and Pictographs
ğŸ,0x1f410,9,0.720583133,0,0.4444444444,0.5555555556,GOAT,Miscellaneous Symbols and Pictographs
ğŸ”š,0x1f51a,9,0.868645196,0.1111111111,0.3333333333,0.5555555556,END WITH LEFTWARDS ARROW ABOVE,Miscellaneous Symbols and Pictographs
ğŸ»,0x1f3bb,9,0.720880053,0,0.5555555556,0.4444444444,VIOLIN,Miscellaneous Symbols and Pictographs
ğŸ”·,0x1f537,9,0.367845118,0,0.7777777778,0.2222222222,LARGE BLUE DIAMOND,Miscellaneous Symbols and Pictographs
ğŸ”“,0x1f513,9,0.802890324,0.3333333333,0.2222222222,0.4444444444,OPEN LOCK,Miscellaneous Symbols and Pictographs
ğŸ½,0x1f3bd,9,0.903767713,0,0.4444444444,0.5555555556,RUNNING SHIRT WITH SASH,Miscellaneous Symbols and Pictographs
ğŸ“…,0x1f4c5,9,0.597376373,0.2222222222,0.3333333333,0.4444444444,CALENDAR,Miscellaneous Symbols and Pictographs
ğŸº,0x1f3ba,9,0.646180394,0.1111111111,0,0.8888888889,TRUMPET,Miscellaneous Symbols and Pictographs
âœ¯,0x272f,9,0.32090504,0,1,0,PINWHEEL STAR,Dingbats
ğŸˆ,0x1f348,9,0.520981407,0.6666666667,0.1111111111,0.2222222222,MELON,Miscellaneous Symbols and Pictographs
âœ‰,0x2709,9,0.44131007,0.1111111111,0.4444444444,0.4444444444,ENVELOPE,Dingbats
ğŸ¼,0x1f37c,8,0.889794471,0.125,0.125,0.75,BABY BOTTLE,Miscellaneous Symbols and Pictographs
ğŸ“€,0x1f4c0,8,0.842924661,0.125,0.625,0.25,DVD,Miscellaneous Symbols and Pictographs
ğŸ““,0x1f4d3,8,0.835156432,0.125,0.5,0.375,NOTEBOOK,Miscellaneous Symbols and Pictographs
â˜‰,0x2609,8,0.985925307,0,0.75,0.25,SUN,Miscellaneous Symbols
ğŸ’´,0x1f4b4,8,0.837157842,0.375,0.5,0.125,BANKNOTE WITH YEN SIGN,Miscellaneous Symbols and Pictographs
ğŸƒ,0x1f403,8,0.82964401,0,1,0,WATER BUFFALO,Miscellaneous Symbols and Pictographs
â°,0x27b0,8,0.255281448,0.5,0.125,0.375,CURLY LOOP,Dingbats
ğŸ”Œ,0x1f50c,8,0.84383834,0.375,0.375,0.25,ELECTRIC PLUG,Miscellaneous Symbols and Pictographs
ğŸ„,0x1f344,8,0.481955716,0.25,0.5,0.25,MUSHROOM,Miscellaneous Symbols and Pictographs
ğŸ“•,0x1f4d5,8,0.687815619,0.125,0.5,0.375,CLOSED BOOK,Miscellaneous Symbols and Pictographs
ğŸ“£,0x1f4e3,8,0.665290609,0.125,0.25,0.625,CHEERING MEGAPHONE,Miscellaneous Symbols and Pictographs
ğŸ—,0x1f417,8,0.756674318,0,0.375,0.625,BOAR,Miscellaneous Symbols and Pictographs
â›³,0x26f3,8,0.659686501,0,0.125,0.875,FLAG IN HOLE,Miscellaneous Symbols
ğŸ‘±,0x1f471,7,0.584040891,0.1428571429,0.5714285714,0.2857142857,PERSON WITH BLOND HAIR,Miscellaneous Symbols and Pictographs
ğŸ’º,0x1f4ba,7,0.499522738,0.1428571429,0.4285714286,0.4285714286,SEAT,Miscellaneous Symbols and Pictographs
ğŸ‡,0x1f3c7,7,0.829351657,0.4285714286,0.2857142857,0.2857142857,HORSE RACING,Miscellaneous Symbols and Pictographs
â˜»,0x263b,7,0.808078576,0.1428571429,0.4285714286,0.4285714286,BLACK SMILING FACE,Miscellaneous Symbols
ğŸ“,0x1f4de,7,0.639663641,0,0.4285714286,0.5714285714,TELEPHONE RECEIVER,Miscellaneous Symbols and Pictographs
ğŸŒ‰,0x1f309,7,0.848338345,0,0.2857142857,0.7142857143,BRIDGE AT NIGHT,Miscellaneous Symbols and Pictographs
âœ,0x270e,7,0.547314568,0,0.2857142857,0.7142857143,LOWER RIGHT PENCIL,Dingbats
ğŸ“ƒ,0x1f4c3,7,0.75418917,0,0.4285714286,0.5714285714,PAGE WITH CURL,Miscellaneous Symbols and Pictographs
ğŸ¨,0x1f3e8,7,0.803363124,0,0.7142857143,0.2857142857,HOTEL,Miscellaneous Symbols and Pictographs
ğŸ“Œ,0x1f4cc,7,0.799054518,0.7142857143,0.1428571429,0.1428571429,PUSHPIN,Miscellaneous Symbols and Pictographs
â™,0x264e,7,0.85514993,0.2857142857,0.5714285714,0.1428571429,LIBRA,Miscellaneous Symbols
ğŸ’·,0x1f4b7,7,0.573124902,0,0.4285714286,0.5714285714,BANKNOTE WITH POUND SIGN,Miscellaneous Symbols and Pictographs
â›µ,0x26f5,7,0.323527212,0,0.2857142857,0.7142857143,SAILBOAT,Miscellaneous Symbols
ğŸ”¸,0x1f538,7,0.17210479,0,0.7142857143,0.2857142857,SMALL ORANGE DIAMOND,Miscellaneous Symbols and Pictographs
ğŸ†,0x1f406,7,0.550090954,0,0.5714285714,0.4285714286,LEOPARD,Miscellaneous Symbols and Pictographs
ğŸ‘’,0x1f452,7,0.843648743,0.1428571429,0.4285714286,0.4285714286,WOMANS HAT,Miscellaneous Symbols and Pictographs
â•,0x2755,7,0.86202303,0.1428571429,0.4285714286,0.4285714286,WHITE EXCLAMATION MARK ORNAMENT,Dingbats
ğŸ”›,0x1f51b,7,0.474006336,0.1428571429,0.1428571429,0.7142857143,ON WITH EXCLAMATION MARK WITH LEFT RIGHT ARROW ABOVE,Miscellaneous Symbols and Pictographs
â™¢,0x2662,7,0.868165215,0,0.5714285714,0.4285714286,WHITE DIAMOND SUIT,Miscellaneous Symbols
â…,0x2745,7,0.247154472,0,0.1428571429,0.8571428571,TIGHT TRIFOLIATE SNOWFLAKE,Dingbats
ğŸ‘,0x1f45d,6,0.611228018,0.1666666667,0.1666666667,0.6666666667,POUCH,Miscellaneous Symbols and Pictographs
âœ,0x271e,6,0.509389671,0,0.5,0.5,SHADOWED WHITE LATIN CROSS,Dingbats
ğŸ‹,0x1f38b,6,0.785515587,0.1666666667,0,0.8333333333,TANABATA TREE,Miscellaneous Symbols and Pictographs
ğŸ‘¥,0x1f465,6,0.83792517,0.1666666667,0.3333333333,0.5,BUSTS IN SILHOUETTE,Miscellaneous Symbols and Pictographs
ğŸ“µ,0x1f4f5,6,0.794071373,0.1666666667,0.5,0.3333333333,NO MOBILE PHONES,Miscellaneous Symbols and Pictographs
ğŸ¡,0x1f421,6,0.867288557,0,0.6666666667,0.3333333333,BLOWFISH,Miscellaneous Symbols and Pictographs
ğŸ¯,0x1f3ef,6,0.529919889,0,0.8333333333,0.1666666667,JAPANESE CASTLE,Miscellaneous Symbols and Pictographs
â˜‚,0x2602,6,0.453390203,0.1666666667,0.6666666667,0.1666666667,UMBRELLA,Miscellaneous Symbols
ğŸ”­,0x1f52d,6,0.715984026,0,0.5,0.5,TELESCOPE,Miscellaneous Symbols and Pictographs
ğŸª,0x1f3aa,6,0.607881289,0,0.6666666667,0.3333333333,CIRCUS TENT,Miscellaneous Symbols and Pictographs
ğŸœ,0x1f41c,6,0.879901961,0,0.3333333333,0.6666666667,ANT,Miscellaneous Symbols and Pictographs
â™Œ,0x264c,6,0.790409536,0,0.1666666667,0.8333333333,LEO,Miscellaneous Symbols
â˜,0x2610,6,0.538095238,1,0,0,BALLOT BOX,Miscellaneous Symbols
ğŸ‘·,0x1f477,6,0.739199448,0.1666666667,0.3333333333,0.5,CONSTRUCTION WORKER,Miscellaneous Symbols and Pictographs
ğŸ”ˆ,0x1f508,6,0.635444115,0,0.6666666667,0.3333333333,SPEAKER,Miscellaneous Symbols and Pictographs
ğŸ“„,0x1f4c4,6,0.624139531,0,0,1,PAGE FACING UP,Miscellaneous Symbols and Pictographs
ğŸ“,0x1f4cd,6,0.48869302,0.1666666667,0.5,0.3333333333,ROUND PUSHPIN,Miscellaneous Symbols and Pictographs
ğŸŒ‹,0x1f30b,6,0.379680055,0,0.3333333333,0.6666666667,VOLCANO,Miscellaneous Symbols and Pictographs
ğŸ“¡,0x1f4e1,6,0.553891601,0.1666666667,0.3333333333,0.5,SATELLITE ANTENNA,Miscellaneous Symbols and Pictographs
âœ˜,0x2718,6,0.538602654,0,0.1666666667,0.8333333333,HEAVY BALLOT X,Dingbats
â˜¾,0x263e,6,0.452907711,0,1,0,LAST QUARTER MOON,Miscellaneous Symbols
ğŸ“¥,0x1f4e5,6,0.981884058,0,1,0,INBOX TRAY,Miscellaneous Symbols and Pictographs
ğŸ”¦,0x1f526,5,0.852648347,0,1,0,ELECTRIC TORCH,Miscellaneous Symbols and Pictographs
ğŸ‘¤,0x1f464,5,0.785820605,0,0.2,0.8,BUST IN SILHOUETTE,Miscellaneous Symbols and Pictographs
ğŸ ,0x1f3a0,5,0.57433687,0,0.4,0.6,CAROUSEL HORSE,Miscellaneous Symbols and Pictographs
ğŸ,0x1f401,5,0.418555982,0.4,0.6,0,MOUSE,Miscellaneous Symbols and Pictographs
ğŸ“—,0x1f4d7,5,0.78915959,0.2,0.4,0.4,GREEN BOOK,Miscellaneous Symbols and Pictographs
â˜®,0x262e,5,0.75037594,0.4,0.2,0.4,PEACE SYMBOL,Miscellaneous Symbols
â™‚,0x2642,5,0.580233775,0,0.8,0.2,MALE SIGN,Miscellaneous Symbols
ğŸ“¯,0x1f4ef,5,0.974048452,0.2,0.8,0,POSTAL HORN,Miscellaneous Symbols and Pictographs
ğŸ”©,0x1f529,5,0.672722386,0.2,0.4,0.4,NUT AND BOLT,Miscellaneous Symbols and Pictographs
ğŸ‘¢,0x1f462,5,0.994117647,0,0.2,0.8,WOMANS BOOTS,Miscellaneous Symbols and Pictographs
ğŸ“°,0x1f4f0,5,0.860149569,0.2,0.2,0.6,NEWSPAPER,Miscellaneous Symbols and Pictographs
ğŸ“¶,0x1f4f6,5,0.930492899,0,0.6,0.4,ANTENNA WITH BARS,Miscellaneous Symbols and Pictographs
ğŸŒ„,0x1f304,5,0.285583654,0,0.8,0.2,SUNRISE OVER MOUNTAINS,Miscellaneous Symbols and Pictographs
ğŸ—¾,0x1f5fe,5,0.738585725,0,0.6,0.4,SILHOUETTE OF JAPAN,Miscellaneous Symbols and Pictographs
ğŸ”¶,0x1f536,5,0.786004057,0,0.6,0.4,LARGE ORANGE DIAMOND,Miscellaneous Symbols and Pictographs
ğŸ¤,0x1f3e4,5,0.272575758,0,0.6,0.4,EUROPEAN POST OFFICE,Miscellaneous Symbols and Pictographs
ğŸ©,0x1f3a9,5,0.58647571,0,0.6,0.4,TOP HAT,Miscellaneous Symbols and Pictographs
ğŸ”§,0x1f527,5,0.677226399,0.8,0,0.2,WRENCH,Miscellaneous Symbols and Pictographs
ğŸ…,0x1f405,5,0.818550107,0,0.8,0.2,TIGER,Miscellaneous Symbols and Pictographs
â™®,0x266e,5,0.936640494,0,0.8,0.2,MUSIC NATURAL SIGN,Miscellaneous Symbols
ğŸ”„,0x1f504,5,0.971014493,0,1,0,ANTICLOCKWISE DOWNWARDS AND UPWARDS OPEN CIRCLE ARROWS,Miscellaneous Symbols and Pictographs
â˜„,0x2604,5,0.435373547,0,1,0,COMET,Miscellaneous Symbols
â˜¨,0x2628,5,0.457692308,0,1,0,CROSS OF LORRAINE,Miscellaneous Symbols
ğŸ“¦,0x1f4e6,4,0.508942142,0,0.75,0.25,PACKAGE,Miscellaneous Symbols and Pictographs
ğŸ”²,0x1f532,4,0.665449309,0,0.25,0.75,BLACK SQUARE BUTTON,Miscellaneous Symbols and Pictographs
ğŸ”,0x1f501,4,0.570472495,0.25,0.5,0.25,CLOCKWISE RIGHTWARDS AND LEFTWARDS OPEN CIRCLE ARROWS,Miscellaneous Symbols and Pictographs
ğŸ“†,0x1f4c6,4,0.839991723,0,0,1,TEAR-OFF CALENDAR,Miscellaneous Symbols and Pictographs
â›,0x275b,4,0.735294118,0,0.5,0.5,HEAVY SINGLE TURNED COMMA QUOTATION MARK ORNAMENT,Dingbats
ğŸ“‰,0x1f4c9,4,0.726505602,0,0.5,0.5,CHART WITH DOWNWARDS TREND,Miscellaneous Symbols and Pictographs
ğŸ”,0x1f50e,4,0.333026114,0,0.25,0.75,RIGHT-POINTING MAGNIFYING GLASS,Miscellaneous Symbols and Pictographs
â˜œ,0x261c,4,0.95068438,0,0.75,0.25,WHITE LEFT POINTING INDEX,Miscellaneous Symbols
ğŸ“˜,0x1f4d8,4,0.729794868,0.25,0.25,0.5,BLUE BOOK,Miscellaneous Symbols and Pictographs
âœ¡,0x2721,4,0.542307692,0,1,0,STAR OF DAVID,Dingbats
ğŸ”‘,0x1f511,4,0.712219599,0.25,0.25,0.5,KEY,Miscellaneous Symbols and Pictographs
ğŸ”ƒ,0x1f503,4,0.480569642,0.25,0.5,0.25,CLOCKWISE DOWNWARDS AND UPWARDS OPEN CIRCLE ARROWS,Miscellaneous Symbols and Pictographs
ğŸ‘ƒ,0x1f443,4,0.617338955,0.5,0,0.5,NOSE,Miscellaneous Symbols and Pictographs
ğŸ”˜,0x1f518,4,0.823106247,0,0.75,0.25,RADIO BUTTON,Miscellaneous Symbols and Pictographs
â³,0x27b3,4,0.689189189,0,0.5,0.5,WHITE-FEATHERED RIGHTWARDS ARROW,Dingbats
ğŸ¬,0x1f3ec,4,0.772435897,0,1,0,DEPARTMENT STORE,Miscellaneous Symbols and Pictographs
â˜½,0x263d,4,0.827205882,0,1,0,FIRST QUARTER MOON,Miscellaneous Symbols
â˜ª,0x262a,4,0.5,0,1,0,STAR AND CRESCENT,Miscellaneous Symbols
â‡,0x2747,3,0.906565657,0,0.3333333333,0.6666666667,SPARKLE,Dingbats
âœ´,0x2734,3,0.425259601,0,0.3333333333,0.6666666667,EIGHT POINTED BLACK STAR,Dingbats
â˜Š,0x260a,3,0.627212773,0,0,1,ASCENDING NODE,Miscellaneous Symbols
ğŸ”•,0x1f515,3,0.663273811,0.6666666667,0,0.3333333333,BELL WITH CANCELLATION STROKE,Miscellaneous Symbols and Pictographs
â,0x275d,3,0.012385762,0,1,0,HEAVY DOUBLE TURNED COMMA QUOTATION MARK ORNAMENT,Dingbats
â,0x275e,3,0.348845599,0,1,0,HEAVY DOUBLE COMMA QUOTATION MARK ORNAMENT,Dingbats
ğŸ¶,0x1f376,3,0.670454148,0,0.3333333333,0.6666666667,SAKE BOTTLE AND CUP,Miscellaneous Symbols and Pictographs
ğŸŒ,0x1f310,3,0.661697723,0,0.3333333333,0.6666666667,GLOBE WITH MERIDIANS,Miscellaneous Symbols and Pictographs
â™€,0x2640,3,0.496259709,0,0.6666666667,0.3333333333,FEMALE SIGN,Miscellaneous Symbols
â£,0x27a3,3,0.607657549,0,1,0,THREE-D BOTTOM-LIGHTED RIGHTWARDS ARROWHEAD,Dingbats
â™‹,0x264b,3,0.66780619,0,0.6666666667,0.3333333333,CANCER,Miscellaneous Symbols
â™,0x264d,3,0.921455436,0,0.3333333333,0.6666666667,VIRGO,Miscellaneous Symbols
ğŸ•,0x1f55d,3,0.673202614,0.3333333333,0.6666666667,0,CLOCK FACE TWO-THIRTY,Miscellaneous Symbols and Pictographs
âœ—,0x2717,3,1,0.3333333333,0.3333333333,0.3333333333,BALLOT X,Dingbats
ğŸ“™,0x1f4d9,3,0.985204154,0.3333333333,0,0.6666666667,ORANGE BOOK,Miscellaneous Symbols and Pictographs
ğŸ“‹,0x1f4cb,3,0.902676399,0,0.3333333333,0.6666666667,CLIPBOARD,Miscellaneous Symbols and Pictographs
ğŸ±,0x1f3b1,3,0.733061963,0.3333333333,0,0.6666666667,BILLIARDS,Miscellaneous Symbols and Pictographs
ğŸ,0x1f41e,3,0.867149758,0,0.6666666667,0.3333333333,LADY BEETLE,Miscellaneous Symbols and Pictographs
ğŸ”º,0x1f53a,3,0.331084568,0,0.6666666667,0.3333333333,UP-POINTING RED TRIANGLE,Miscellaneous Symbols and Pictographs
ğŸ,0x1f38d,3,0.460928261,0,1,0,PINE DECORATION,Miscellaneous Symbols and Pictographs
â™¤,0x2664,3,0.864386792,0,0.3333333333,0.6666666667,WHITE SPADE SUIT,Miscellaneous Symbols
ğŸ²,0x1f3b2,3,0.294190811,0,1,0,GAME DIE,Miscellaneous Symbols and Pictographs
ğŸ¯,0x1f3af,3,0.928725808,0,0.3333333333,0.6666666667,DIRECT HIT,Miscellaneous Symbols and Pictographs
ğŸ”‰,0x1f509,3,0.527173913,0,0.3333333333,0.6666666667,SPEAKER WITH ONE SOUND WAVE,Miscellaneous Symbols and Pictographs
ğŸ£,0x1f3a3,3,0.661217721,0.6666666667,0.3333333333,0,FISHING POLE AND FISH,Miscellaneous Symbols and Pictographs
ğŸ”£,0x1f523,3,0.73668039,0,0.6666666667,0.3333333333,INPUT SYMBOL FOR SYMBOLS,Miscellaneous Symbols and Pictographs
â,0x274e,3,0.376693767,1,0,0,NEGATIVE SQUARED CROSS MARK,Dingbats
â¥,0x27a5,3,0.607479234,0,0.6666666667,0.3333333333,HEAVY BLACK CURVED DOWNWARDS AND RIGHTWARDS ARROW,Dingbats
ğŸŒ,0x1f38c,3,0.720638968,0,0,1,CROSSED FLAGS,Miscellaneous Symbols and Pictographs
â™­,0x266d,3,0.996296296,0,0.6666666667,0.3333333333,MUSIC FLAT SIGN,Miscellaneous Symbols
ğŸ’ ,0x1f4a0,3,0.634782609,0,1,0,DIAMOND SHAPE WITH A DOT INSIDE,Miscellaneous Symbols and Pictographs
ğŸ”³,0x1f533,2,0.35921659,0,0.5,0.5,WHITE SQUARE BUTTON,Miscellaneous Symbols and Pictographs
ğŸ­,0x1f3ed,2,0.620360999,0,0.5,0.5,FACTORY,Miscellaneous Symbols and Pictographs
ğŸ”°,0x1f530,2,0.612218045,0,1,0,JAPANESE SYMBOL FOR BEGINNER,Miscellaneous Symbols and Pictographs
ğŸ³,0x1f3b3,2,0.031697819,0.5,0.5,0,BOWLING,Miscellaneous Symbols and Pictographs
â˜š,0x261a,2,0.536679293,0,0,1,BLACK LEFT POINTING INDEX,Miscellaneous Symbols
â½,0x27bd,2,0.872727273,0,0.5,0.5,HEAVY WEDGE-TAILED RIGHTWARDS ARROW,Dingbats
â«,0x27ab,2,0.22556391,0,0.5,0.5,BACK-TILTED SHADOWED WHITE RIGHTWARDS ARROW,Dingbats
â–,0x2796,2,0.023088023,1,0,0,HEAVY MINUS SIGN,Dingbats
ğŸ®,0x1f3ee,2,0.949404762,0,1,0,IZAKAYA LANTERN,Miscellaneous Symbols and Pictographs
ğŸ“›,0x1f4db,2,0.964880952,0,1,0,NAME BADGE,Miscellaneous Symbols and Pictographs
ğŸ“‘,0x1f4d1,2,0.557971014,0,0,1,BOOKMARK TABS,Miscellaneous Symbols and Pictographs
ğŸ¦,0x1f3a6,2,0.796610169,0,1,0,CINEMA,Miscellaneous Symbols and Pictographs
ğŸ”Ÿ,0x1f51f,2,0.801587302,0,0,1,KEYCAP TEN,Miscellaneous Symbols and Pictographs
â ,0x27a0,2,0.642857143,0,0,1,HEAVY DASHED TRIANGLE-HEADED RIGHTWARDS ARROW,Dingbats
â˜ƒ,0x2603,2,0.566037736,0,0.5,0.5,SNOWMAN,Miscellaneous Symbols
ğŸ“,0x1f4d0,2,0.02970297,0,1,0,TRIANGULAR RULER,Miscellaneous Symbols and Pictographs
âœ®,0x272e,2,0.211711712,0,1,0,HEAVY OUTLINED BLACK STAR,Dingbats
ğŸ‘²,0x1f472,2,0.382655827,0,0.5,0.5,MAN WITH GUA PI MAO,Miscellaneous Symbols and Pictographs
ğŸ‘,0x1f391,2,0.309294872,0,1,0,MOON VIEWING CEREMONY,Miscellaneous Symbols and Pictographs
ğŸ”¬,0x1f52c,2,0.727696078,0,0,1,MICROSCOPE,Miscellaneous Symbols and Pictographs
â—,0x2797,2,0.018722944,0.5,0.5,0,HEAVY DIVISION SIGN,Dingbats
ğŸ“ˆ,0x1f4c8,2,0.568724559,0,0.5,0.5,CHART WITH UPWARDS TREND,Miscellaneous Symbols and Pictographs
ğŸ”¼,0x1f53c,2,0.358974359,0,1,0,UP-POINTING SMALL RED TRIANGLE,Miscellaneous Symbols and Pictographs
ğŸ“,0x1f4ce,2,0.044776119,0,0,1,PAPERCLIP,Miscellaneous Symbols and Pictographs
ğŸ“,0x1f4c1,2,0.785714286,0,1,0,FILE FOLDER,Miscellaneous Symbols and Pictographs
âœ­,0x272d,2,0.589285714,0,0,1,OUTLINED BLACK STAR,Dingbats
â²,0x27b2,2,0.009615385,0,1,0,CIRCLED HEAVY WHITE RIGHTWARDS ARROW,Dingbats
â™“,0x2653,2,0.093023256,0,0.5,0.5,PISCES,Miscellaneous Symbols
â˜‡,0x2607,2,0.99382716,0,0,1,LIGHTNING,Miscellaneous Symbols
â™º,0x267a,2,0.175,0,1,0,RECYCLING SYMBOL FOR GENERIC MATERIALS,Miscellaneous Symbols
â™,0x265e,2,0.581967213,0,1,0,BLACK CHESS KNIGHT,Miscellaneous Symbols
ğŸ“ ,0x1f4e0,2,1,0,1,0,FAX MACHINE,Miscellaneous Symbols and Pictographs
ğŸ‘˜,0x1f458,2,0.643678161,0,0,1,KIMONO,Miscellaneous Symbols and Pictographs
ğŸ•‘,0x1f551,2,0.988407728,0,0.5,0.5,CLOCK FACE TWO OCLOCK,Miscellaneous Symbols and Pictographs
ğŸ’½,0x1f4bd,1,0.566037736,0,1,0,MINIDISC,Miscellaneous Symbols and Pictographs
ğŸ•›,0x1f55b,1,1,0,0,1,CLOCK FACE TWELVE OCLOCK,Miscellaneous Symbols and Pictographs
ğŸ«,0x1f3ab,1,0.452631579,0,1,0,TICKET,Miscellaneous Symbols and Pictographs
â™ˆ,0x2648,1,0.524590164,1,0,0,ARIES,Miscellaneous Symbols
ğŸ“Ÿ,0x1f4df,1,0.991666667,0,1,0,PAGER,Miscellaneous Symbols and Pictographs
ğŸ•’,0x1f552,1,0.039215686,0,1,0,CLOCK FACE THREE OCLOCK,Miscellaneous Symbols and Pictographs
âœ,0x270d,1,1,0,0,1,WRITING HAND,Dingbats
ğŸ¦,0x1f3e6,1,1,0,0,1,BANK,Miscellaneous Symbols and Pictographs
ğŸ”»,0x1f53b,1,0.575757576,0,0,1,DOWN-POINTING RED TRIANGLE,Miscellaneous Symbols and Pictographs
â™¿,0x267f,1,1,0,0,1,WHEELCHAIR SYMBOL,Miscellaneous Symbols
ğŸ”‡,0x1f507,1,1,0,0,1,SPEAKER WITH CANCELLATION STROKE,Miscellaneous Symbols and Pictographs
ğŸ”–,0x1f516,1,0.988888889,0,0,1,BOOKMARK,Miscellaneous Symbols and Pictographs
ğŸ“œ,0x1f4dc,1,1,0,0,1,SCROLL,Miscellaneous Symbols and Pictographs
â™,0x264f,1,0.772058824,0,1,0,SCORPIUS,Miscellaneous Symbols
â˜¢,0x2622,1,0.725,0,1,0,RADIOACTIVE SIGN,Miscellaneous Symbols
ğŸ,0x1f38f,1,0.390243902,0,1,0,CARP STREAMER,Miscellaneous Symbols and Pictographs
âœ,0x271d,1,0.411764706,1,0,0,LATIN CROSS,Dingbats
â–,0x2756,1,0.581967213,0,1,0,BLACK DIAMOND MINUS WHITE X,Dingbats
ğŸ“®,0x1f4ee,1,0.798319328,1,0,0,POSTBOX,Miscellaneous Symbols and Pictographs
ğŸ••,0x1f555,1,0.646153846,1,0,0,CLOCK FACE SIX OCLOCK,Miscellaneous Symbols and Pictographs
ğŸ”¯,0x1f52f,1,1,0,0,1,SIX POINTED STAR WITH MIDDLE DOT,Miscellaneous Symbols and Pictographs
â¸,0x27b8,1,0.364963504,0,0,1,HEAVY BLACK-FEATHERED RIGHTWARDS ARROW,Dingbats
ğŸ•¥,0x1f565,1,0.811965812,1,0,0,CLOCK FACE TEN-THIRTY,Miscellaneous Symbols and Pictographs
â™™,0x2659,1,0.342857143,0,1,0,WHITE CHESS PAWN,Miscellaneous Symbols
âšƒ,0x2683,1,0.918918919,0,1,0,DIE FACE-4,Miscellaneous Symbols
âœ½,0x273d,1,0.99270073,0,0,1,HEAVY TEARDROP-SPOKED ASTERISK,Dingbats
ğŸ“¼,0x1f4fc,1,1,0,0,1,VIDEOCASSETTE,Miscellaneous Symbols and Pictographs
ğŸ•,0x1f550,1,1,1,0,0,CLOCK FACE ONE OCLOCK,Miscellaneous Symbols and Pictographs
âœ¾,0x273e,1,0.023255814,0,1,0,SIX PETALLED BLACK AND WHITE FLORETTE,Dingbats
âœ¬,0x272c,1,0.955223881,0,0,1,BLACK CENTRE WHITE STAR,Dingbats
âœ«,0x272b,1,0.923728814,0,0,1,OPEN CENTRE BLACK STAR,Dingbats
ğŸ•”,0x1f554,1,0.742424242,1,0,0,CLOCK FACE FIVE OCLOCK,Miscellaneous Symbols and Pictographs
â£,0x2763,1,0.471428571,0,0,1,HEAVY HEART EXCLAMATION MARK ORNAMENT,Dingbats
â±,0x27b1,1,0.704347826,0,1,0,NOTCHED UPPER RIGHT-SHADOWED WHITE RIGHTWARDS ARROW,Dingbats
â¢,0x27a2,1,0.242647059,0,1,0,THREE-D TOP-LIGHTED RIGHTWARDS ARROWHEAD,Dingbats
ğŸ“«,0x1f4eb,1,0.384615385,0,0,1,CLOSED MAILBOX WITH RAISED FLAG,Miscellaneous Symbols and Pictographs
â™Š,0x264a,1,0.327586207,0,1,0,GEMINI,Miscellaneous Symbols
ğŸ°,0x1f3b0,1,0.421686747,1,0,0,SLOT MACHINE,Miscellaneous Symbols and Pictographs
â›,0x279b,1,0.011627907,0,1,0,DRAFTING POINT RIGHTWARDS ARROW,Dingbats
â™,0x265d,1,0.28,0,1,0,BLACK CHESS BISHOP,Miscellaneous Symbols
â‹,0x274b,1,0.888888889,0,1,0,HEAVY EIGHT TEARDROP-SPOKED PROPELLER ASTERISK,Dingbats
âœ†,0x2706,1,0.557251908,0,1,0,TELEPHONE LOCATION SIGN,Dingbats
ğŸ“”,0x1f4d4,1,0.814814815,0,0,1,NOTEBOOK WITH DECORATIVE COVER,Miscellaneous Symbols and Pictographs